Year,Geo_Lvl,Geo_Cd,Geo_Desc,Plan_Type,Tot_Opioid_Clms,Tot_Clms,Opioid_Prscrbng_Rate,Opioid_Prscrbng_Rate_5Y_Chg,Opioid_Prscrbng_Rate_1Y_Chg,LA_Tot_Opioid_Clms,LA_Opioid_Prscrbng_Rate,LA_Opioid_Prscrbng_Rate_5Y_Chg,LA_Opioid_Prscrbng_Rate_1Y_Chg
2020,National,"",National,All,20144712,626711567,3.21,-2.7,-0.04,3721153,18.47,10.87,4.32
2020,National,"",National,FFS,5259225,178504681,2.95,-2.89,-0.24,709829,13.5,4.81,0.09
2020,National,"",National,MC,14885487,448206886,3.32,-2.63,0.05,3011324,20.23,13.19,5.81
2020,State,01,Alabama,All,182840,6750173,2.71,-2.92,-0.39,8438,4.62,-0.16,0.02
2020,State,01,Alabama,FFS,182840,6750173,2.71,-2.92,-0.39,8438,4.62,-0.16,0.02
2020,State,01,Alabama,MC,0,0,"","","",0,"","",""
2020,State,02,Alaska,All,57160,1332333,4.29,-3.32,-0.27,7269,12.72,0.4,0.08
2020,State,02,Alaska,FFS,57160,1332333,4.29,-3.32,-0.27,7269,12.72,0.4,0.08
2020,State,02,Alaska,MC,0,0,"","","",0,"","",""
2020,State,04,Arizona,All,496944,13520919,3.68,-4.11,-0.31,35666,7.18,-3.21,-0.26
2020,State,04,Arizona,FFS,9004,185863,4.84,-10.52,-1.55,578,6.42,-2.31,0.37
2020,State,04,Arizona,MC,487940,13335056,3.66,-4.06,-0.3,35088,7.19,-3.23,-0.28
2020,State,05,Arkansas,All,183044,4723341,3.88,-3.13,-0.44,6304,3.44,-1.35,-0.32
2020,State,05,Arkansas,FFS,169728,3819134,4.44,-2.57,-0.35,5929,3.49,-1.3,-0.3
2020,State,05,Arkansas,MC,13316,904207,1.47,"",-0.19,375,2.82,"",-0.54
2020,State,06,California,All,2254586,75111185,3,-2.59,-0.2,140342,6.22,-0.29,-0.08
2020,State,06,California,FFS,528161,19977145,2.64,-2.59,-0.32,51850,9.82,1.99,0.89
2020,State,06,California,MC,1726425,55134040,3.13,-2.62,-0.15,88492,5.13,-0.85,-0.33
2020,State,08,Colorado,All,387088,7484249,5.17,-5.04,-0.37,37849,9.78,1.06,0.52
2020,State,08,Colorado,FFS,370073,7003234,5.28,-4.93,-0.35,36347,9.82,1.1,0.52
2020,State,08,Colorado,MC,17015,481015,3.54,"",-0.7,1502,8.83,"",0.31
2020,State,09,Connecticut,All,254508,8887381,2.86,-3.23,-0.32,22943,9.01,-0.85,1.2
2020,State,09,Connecticut,FFS,254508,8887381,2.86,-3.23,-0.32,22943,9.01,-0.85,1.2
2020,State,09,Connecticut,MC,0,0,"","","",0,"","",""
2020,State,10,Delaware,All,66958,2615506,2.56,-3.74,-0.68,10906,16.29,0.52,0.38
2020,State,10,Delaware,FFS,688,35130,1.96,-3.15,0.19,50,7.27,-3.74,2.95
2020,State,10,Delaware,MC,66270,2580376,2.57,-3.79,-0.7,10856,16.38,0.4,0.33
2020,State,11,"District of Columbia",All,45008,1824417,2.47,-2.35,-0.31,1958,4.35,-1.56,0.35
2020,State,11,"District of Columbia",FFS,17875,692856,2.58,-2.73,-0.39,1206,6.75,-3.37,0.13
2020,State,11,"District of Columbia",MC,27133,1131561,2.4,-2.09,-0.25,752,2.77,0.26,0.74
2020,State,12,Florida,All,659902,25284819,2.61,-2.42,0.02,52032,7.88,-1.41,0.74
2020,State,12,Florida,FFS,19621,1323777,1.48,-1.68,0.13,1652,8.42,0.41,0.22
2020,State,12,Florida,MC,640281,23961042,2.67,-2.62,0.01,50380,7.87,-1.52,0.76
2020,State,13,Georgia,All,509429,14235046,3.58,-2.69,-0.28,28690,5.63,0.56,-0.27
2020,State,13,Georgia,FFS,307566,6844946,4.49,-2.61,-0.48,24499,7.97,0.2,-0.78
2020,State,13,Georgia,MC,201863,7390100,2.73,-2.81,-0.2,4191,2.08,0.01,0.23
2020,State,15,Hawaii,All,76966,2062009,3.73,-3.02,-0.18,6049,7.86,-3.15,-1.31
2020,State,15,Hawaii,FFS,514,3903,13.17,-6.51,-0.61,"","","",""
2020,State,15,Hawaii,MC,76452,2058106,3.71,-2.99,-0.17,"","","",""
2020,State,16,Idaho,All,132144,3388471,3.9,-2.95,0.28,8694,6.58,-3.62,-1.35
2020,State,16,Idaho,FFS,132144,3388471,3.9,-2.95,0.28,8694,6.58,-3.62,-1.35
2020,State,16,Idaho,MC,0,0,"","","",0,"","",""
2020,State,17,Illinois,All,623694,20567215,3.03,-3.05,-0.28,15843,2.54,-1.33,-0.68
2020,State,17,Illinois,FFS,31208,1596914,1.95,-4.02,-0.05,821,2.63,-1.06,-0.21
2020,State,17,Illinois,MC,592486,18970301,3.12,-3.04,-0.32,15022,2.54,-1.46,-0.7
2020,State,18,Indiana,All,524951,14969768,3.51,-3.57,-0.16,28451,5.42,-1.59,-0.33
2020,State,18,Indiana,FFS,44677,2078333,2.15,-2.88,-0.16,3840,8.6,0.67,0.28
2020,State,18,Indiana,MC,480274,12891435,3.73,-5.48,-0.15,24611,5.12,-1.37,-0.39
2020,State,19,Iowa,All,381930,5865300,6.51,0.64,1.74,242716,63.55,56.68,10.54
2020,State,19,Iowa,FFS,6337,128812,4.92,-1,-0.04,3505,55.31,48.44,16.77
2020,State,19,Iowa,MC,375593,5736488,6.55,6.53,1.79,239211,63.69,63.69,10.04
2020,State,20,Kansas,All,78436,2492042,3.15,-3.19,-0.16,5265,6.71,-3.67,-1.02
2020,State,20,Kansas,FFS,130,11969,1.09,-1.78,-0.51,0,0,-9.74,-5.14
2020,State,20,Kansas,MC,78306,2480073,3.16,-3.2,-0.16,5265,6.72,-3.67,-1.01
2020,State,21,Kentucky,All,585012,20956922,2.79,-1.28,-0.2,15942,2.73,-0.47,0.01
2020,State,21,Kentucky,FFS,26235,1475404,1.78,-0.84,0.43,998,3.8,-7.63,-2.34
2020,State,21,Kentucky,MC,558777,19481518,2.87,-1.31,-0.18,14944,2.67,-0.12,0.01
2020,State,22,Louisiana,All,559721,18829229,2.97,-2.44,-0.29,13239,2.37,-1.16,0.06
2020,State,22,Louisiana,FFS,6304,740784,0.85,-2.65,-0.12,519,8.23,3.18,-0.65
2020,State,22,Louisiana,MC,553417,18088445,3.06,-2.96,-0.29,12720,2.3,-0.95,0.07
2020,State,23,Maine,All,75591,2440641,3.1,-2.71,-0.31,10113,13.38,-1.23,-0.67
2020,State,23,Maine,FFS,75591,2440641,3.1,-2.71,-0.31,10113,13.38,-1.23,-0.67
2020,State,23,Maine,MC,0,0,"","","",0,"","",""
2020,State,24,Maryland,All,468170,13050375,3.59,-3.01,-0.19,45594,9.74,-1.91,-0.63
2020,State,24,Maryland,FFS,19929,4639965,0.43,-1.36,-0.1,2518,12.63,-0.95,1.04
2020,State,24,Maryland,MC,448241,8410410,5.33,-3.66,-0.07,43076,9.61,-1.85,-0.7
2020,State,25,Massachusetts,All,342948,15977490,2.15,-2.76,-0.1,31542,9.2,0.47,-0.39
2020,State,25,Massachusetts,FFS,164358,7830347,2.1,-2.07,-0.12,16618,10.11,-0.12,-0.07
2020,State,25,Massachusetts,MC,178590,8147143,2.19,-3.27,-0.08,14924,8.36,0.46,-0.69
2020,State,26,Michigan,All,892543,25673248,3.48,-4.55,-0.31,44671,5,-1.26,-0.64
2020,State,26,Michigan,FFS,71187,8421809,0.85,-1.65,-0.15,4984,7,-0.42,-0.92
2020,State,26,Michigan,MC,821356,17251439,4.76,-6.1,-0.29,39687,4.83,-1.29,-0.61
2020,State,27,Minnesota,All,309614,11374555,2.72,-3.02,-0.09,25295,8.17,0.03,0.24
2020,State,27,Minnesota,FFS,38020,1765395,2.15,-2.73,-0.21,3344,8.8,-0.06,-0.25
2020,State,27,Minnesota,MC,271594,9609160,2.83,-3.16,-0.07,21951,8.08,0.11,0.33
2020,State,28,Mississippi,All,161067,4857013,3.32,-3.57,-0.36,6933,4.3,0.27,-0.39
2020,State,28,Mississippi,FFS,23893,910010,2.63,-1.44,-0.49,1462,6.12,0.7,-1.17
2020,State,28,Mississippi,MC,137174,3947003,3.48,-4.61,-0.32,5471,3.99,0.25,-0.26
2020,State,29,Missouri,All,308392,10581478,2.91,-3.07,-0.33,20919,6.78,-2.35,-1.14
2020,State,29,Missouri,FFS,308392,10581478,2.91,-3.07,-0.33,20919,6.78,-2.35,-1.14
2020,State,29,Missouri,MC,0,0,"","","",0,"","",""
2020,State,30,Montana,All,287557,2948475,9.75,2.24,-0.1,181029,62.95,51.71,2.69
2020,State,30,Montana,FFS,287557,2948475,9.75,2.24,-0.1,181029,62.95,51.71,2.69
2020,State,30,Montana,MC,0,0,"","","",0,"","",""
2020,State,31,Nebraska,All,70270,2219070,3.17,-2.54,0.06,7316,10.41,0.25,-1.3
2020,State,31,Nebraska,FFS,62,4544,1.36,-4.49,-0.89,"","","",""
2020,State,31,Nebraska,MC,70208,2214526,3.17,0.25,0.06,"","","",""
2020,State,32,Nevada,All,282896,6282398,4.5,-4.38,-0.15,23165,8.19,-0.78,-0.29
2020,State,32,Nevada,FFS,104182,1870022,5.57,-3.58,-0.37,11257,10.81,-1.1,-0.57
2020,State,32,Nevada,MC,178714,4412376,4.05,-4.65,-0.08,11908,6.66,-0.23,-0.14
2020,State,33,"New Hampshire",All,46622,2025792,2.3,-3.85,-0.26,6079,13.04,0.83,-1.01
2020,State,33,"New Hampshire",FFS,832,36225,2.3,-3.73,-0.31,87,10.46,1.32,-1.54
2020,State,33,"New Hampshire",MC,45790,1989567,2.3,-3.86,-0.26,5992,13.09,0.51,-1.01
2020,State,34,"New Jersey",All,409880,16188810,2.53,-2.35,-0.11,33272,8.12,-0.17,-0.26
2020,State,34,"New Jersey",FFS,7255,340282,2.13,-2.91,-0.31,1216,16.76,-3.48,-3.01
2020,State,34,"New Jersey",MC,402625,15848528,2.54,-2.33,-0.1,32056,7.96,0.23,-0.19
2020,State,35,"New Mexico",All,158431,4528352,3.5,-3.42,-0.53,4899,3.09,-1.48,-0.53
2020,State,35,"New Mexico",FFS,7754,277925,2.79,-7.33,-1.43,302,3.89,1.48,-0.2
2020,State,35,"New Mexico",MC,150677,4250427,3.55,-3.27,-0.47,4597,3.05,-1.62,-0.53
2020,State,36,"New York",All,955737,59582131,1.6,-1.63,-0.14,71011,7.43,-1.37,-0.46
2020,State,36,"New York",FFS,44983,6605397,0.68,-1.26,-0.27,5945,13.22,0.2,-0.49
2020,State,36,"New York",MC,910754,52976734,1.72,-1.69,-0.13,65066,7.14,-1.35,-0.31
2020,State,37,"North Carolina",All,456500,13909805,3.28,-3.77,-0.07,51604,11.3,1.98,-0.12
2020,State,37,"North Carolina",FFS,456500,13909805,3.28,-3.77,-0.07,51604,11.3,1.98,-0.12
2020,State,37,"North Carolina",MC,0,0,"","","",0,"","",""
2020,State,38,"North Dakota",All,27709,939676,2.95,-3.98,-0.17,829,2.99,-4.96,-0.18
2020,State,38,"North Dakota",FFS,27678,871794,3.17,-2.59,0.4,829,3,-5.12,-0.05
2020,State,38,"North Dakota",MC,31,67882,0.05,-8.66,-3.46,0,0,-7.79,-3.28
2020,State,39,Ohio,All,890694,36512707,2.44,-3.71,-0.08,42867,4.81,-0.29,-0.34
2020,State,39,Ohio,FFS,66018,3065601,2.15,-2.61,-0.18,5750,8.71,-0.06,0.45
2020,State,39,Ohio,MC,824676,33447106,2.47,-3.88,-0.07,37117,4.5,-0.2,-0.4
2020,State,40,Oklahoma,All,212249,4989310,4.25,-3.38,-0.17,16657,7.85,-0.61,-0.23
2020,State,40,Oklahoma,FFS,212249,4989310,4.25,-3.38,-0.17,16657,7.85,-0.61,-0.23
2020,State,40,Oklahoma,MC,0,0,"","","",0,"","",""
2020,State,41,Oregon,All,358027,9139066,3.92,-4.56,-0.24,42035,11.74,3.98,1.03
2020,State,41,Oregon,FFS,11082,2236395,0.5,-2.03,-0.39,359,3.24,-4.92,-12.33
2020,State,41,Oregon,MC,346945,6902671,5.03,-5.18,-0.1,41676,12.01,4.28,1.56
2020,State,42,Pennsylvania,All,435571,27225633,1.6,-4.41,-0.31,42648,9.79,1.13,0.07
2020,State,42,Pennsylvania,FFS,5458,487577,1.12,-3.07,-0.07,619,11.34,1.84,-4.3
2020,State,42,Pennsylvania,MC,430113,26738056,1.61,-4.49,-0.32,42029,9.77,1.14,0.15
2020,State,44,"Rhode Island",All,65810,3080769,2.14,-2.74,-0.11,5626,8.55,2.07,0.4
2020,State,44,"Rhode Island",FFS,1687,143618,1.17,-2.27,-0.13,170,10.08,-1.15,-2.85
2020,State,44,"Rhode Island",MC,64123,2937151,2.18,-2.82,-0.12,5456,8.51,2.29,0.49
2020,State,45,"South Carolina",All,142423,6146916,2.32,-4.22,-0.44,10978,7.71,1.36,0.45
2020,State,45,"South Carolina",FFS,22970,1045230,2.2,-2.06,-0.12,2151,9.36,1.36,0.6
2020,State,45,"South Carolina",MC,119453,5101686,2.34,-4.69,-0.51,8827,7.39,1.26,0.38
2020,State,46,"South Dakota",All,24279,846905,2.87,-3.19,-0.17,2305,9.49,0.14,-0.45
2020,State,46,"South Dakota",FFS,24279,846905,2.87,-3.19,-0.17,2305,9.49,0.14,-0.45
2020,State,46,"South Dakota",MC,0,0,"","","",0,"","",""
2020,State,47,Tennessee,All,427544,13332366,3.21,-4.58,0.77,137457,32.15,25.32,28.47
2020,State,47,Tennessee,FFS,289078,12029903,2.4,-5.68,-0.23,10812,3.74,-3.09,0.02
2020,State,47,Tennessee,MC,138466,1302463,10.63,10.63,10.1,126645,91.46,"",89.99
2020,State,48,Texas,All,636768,26221244,2.43,-1.41,-0.03,28037,4.4,-0.51,0
2020,State,48,Texas,FFS,9150,752033,1.22,-0.5,-0.62,386,4.22,-0.16,0.72
2020,State,48,Texas,MC,627618,25469211,2.46,-1.69,-0.01,27651,4.41,-0.53,-0.01
2020,State,49,Utah,All,107857,2832345,3.81,-3.92,-0.5,9672,8.97,-1.98,-0.61
2020,State,49,Utah,FFS,22649,1330477,1.7,-3.36,-0.78,1314,5.8,-4.74,0.21
2020,State,49,Utah,MC,85208,1501868,5.67,-4.37,-0.41,8358,9.81,-1.32,-1.34
2020,State,50,Vermont,All,42808,1453877,2.94,-4.09,-0.27,6280,14.67,0.71,-0.05
2020,State,50,Vermont,FFS,42758,1438461,2.97,-4.06,"","","","",""
2020,State,50,Vermont,MC,50,15416,0.32,"","","","","",""
2020,State,51,Virginia,All,2304242,18617912,12.38,6.66,2.02,1964189,85.24,77.98,4.8
2020,State,51,Virginia,FFS,55752,399232,13.96,10.53,-3.82,51123,91.7,84.25,-0.23
2020,State,51,Virginia,MC,2248490,18218680,12.34,6.18,2.25,1913066,85.08,77.84,5.36
2020,State,53,Washington,All,511508,13268491,3.86,-4.25,-0.23,40248,7.87,-1.47,-0.31
2020,State,53,Washington,FFS,22465,628176,3.58,-6.6,-2.84,1249,5.56,-1.6,1.38
2020,State,53,Washington,MC,489043,12640315,3.87,-3.95,-0.07,38999,7.97,-1.76,-0.63
2020,State,54,"West Virginia",All,167501,8489895,1.97,-3.63,-0.18,7012,4.19,-0.72,0.36
2020,State,54,"West Virginia",FFS,167501,8306590,2.02,-3.81,"",7012,4.19,-1.41,""
2020,State,54,"West Virginia",MC,0,183305,0,-5.12,"",0,"","",""
2020,State,55,Wisconsin,All,485330,10660562,4.55,-3.96,-0.15,110168,22.7,7.5,1.99
2020,State,55,Wisconsin,FFS,485330,10660562,4.55,-3.98,-0.15,110168,22.7,7.56,1.98
2020,State,55,Wisconsin,MC,0,0,"","","",0,"","",""
2020,State,56,Wyoming,All,17853,413935,4.31,-3.01,-0.12,2107,11.8,2.1,0.95
2020,State,56,Wyoming,FFS,17853,413935,4.31,-3.01,-0.12,2107,11.8,2.1,0.95
2020,State,56,Wyoming,MC,0,0,"","","",0,"","",""
2019,National,"",National,All,21978286,677248025,3.25,"",-0.44,3108845,14.15,"",4.62
2019,National,"",National,FFS,6000632,188228810,3.19,"",-0.56,804812,13.41,"",1.15
2019,National,"",National,MC,15977654,489019215,3.27,"",-0.39,2304033,14.42,"",6
2019,State,01,Alabama,All,224310,7230251,3.1,-3.23,-1.08,10308,4.6,0.16,0.48
2019,State,01,Alabama,FFS,224310,7230251,3.1,-3.23,-1.08,10308,4.6,0.16,0.48
2019,State,01,Alabama,MC,0,0,"","","",0,"","",""
2019,State,02,Alaska,All,65394,1434139,4.56,-3.33,-1.2,8268,12.64,0.88,-0.71
2019,State,02,Alaska,FFS,65394,1434139,4.56,-3.33,-1.2,8268,12.64,0.88,-0.71
2019,State,02,Alaska,MC,0,0,"","","",0,"","",""
2019,State,04,Arizona,All,595206,14923326,3.99,-5.14,-0.75,44311,7.44,-2.79,-0.52
2019,State,04,Arizona,FFS,9829,153835,6.39,-9.61,-2.49,595,6.05,-2.35,0.16
2019,State,04,Arizona,MC,585377,14769491,3.96,-5.11,-0.74,43716,7.47,-2.79,-0.53
2019,State,05,Arkansas,All,216081,4999626,4.32,-3.12,-0.88,8129,3.76,-0.34,-1.05
2019,State,05,Arkansas,FFS,203686,4251848,4.79,-2.65,-0.41,7713,3.79,-0.31,-1.02
2019,State,05,Arkansas,MC,12395,747778,1.66,"","",416,3.36,"",""
2019,State,06,California,All,2760295,86344996,3.2,-3.12,-0.58,173985,6.3,-0.07,-0.18
2019,State,06,California,FFS,672787,22741948,2.96,-2.77,-0.51,60090,8.93,0.4,-0.01
2019,State,06,California,MC,2087508,63603048,3.28,-3.43,-0.61,113895,5.46,0.31,-0.21
2019,State,08,Colorado,All,419272,7572735,5.54,-5.56,-1.14,38808,9.26,1.03,0.01
2019,State,08,Colorado,FFS,397709,7064295,5.63,-5.47,-1.12,36970,9.3,1.07,0
2019,State,08,Colorado,MC,21563,508440,4.24,"",-1.25,1838,8.52,"",0.19
2019,State,09,Connecticut,All,294479,9252048,3.18,-3.56,-0.34,22998,7.81,-1.7,0.81
2019,State,09,Connecticut,FFS,294479,9252048,3.18,-3.56,-0.34,22998,7.81,-1.7,0.81
2019,State,09,Connecticut,MC,0,0,"","","",0,"","",""
2019,State,10,Delaware,All,90208,2786630,3.24,-4.65,-0.9,14353,15.91,-0.96,-0.72
2019,State,10,Delaware,FFS,1042,58798,1.77,-6.74,-0.15,45,4.32,-12.55,1.64
2019,State,10,Delaware,MC,89166,2727832,3.27,3.27,-0.93,14308,16.05,"",-0.77
2019,State,11,"District of Columbia",All,59206,2132877,2.78,-2.33,-0.57,2366,4,-1.26,-0.23
2019,State,11,"District of Columbia",FFS,25360,854759,2.97,-2.62,-0.28,1679,6.62,-2.67,-0.84
2019,State,11,"District of Columbia",MC,33846,1278118,2.65,-2.15,-0.77,687,2.03,-0.27,0
2019,State,12,Florida,All,690384,26651687,2.59,-2.91,-0.58,49310,7.14,-1.22,0.08
2019,State,12,Florida,FFS,20323,1502320,1.35,-3.34,0.01,1666,8.2,0.95,1.07
2019,State,12,Florida,MC,670061,25149367,2.66,-3.32,-0.68,47644,7.11,-1.77,0.05
2019,State,13,Georgia,All,596582,15438201,3.86,-2.8,-0.53,35192,5.9,0.93,-0.08
2019,State,13,Georgia,FFS,350090,7038485,4.97,-2.56,-0.48,30625,8.75,1.29,-0.42
2019,State,13,Georgia,MC,246492,8399716,2.93,-2.93,-0.59,4567,1.85,-0.17,-0.1
2019,State,15,Hawaii,All,86115,2204680,3.91,-3.48,-0.68,7898,9.17,-1.71,-1.25
2019,State,15,Hawaii,FFS,674,4891,13.78,"","",0,0,"",""
2019,State,15,Hawaii,MC,85441,2199789,3.88,"","",7898,9.24,"",""
2019,State,16,Idaho,All,84108,2322973,3.62,-4.25,-0.49,6667,7.93,-1.33,-0.57
2019,State,16,Idaho,FFS,84108,2322973,3.62,-4.25,-0.49,6667,7.93,-1.33,-0.57
2019,State,16,Idaho,MC,0,0,"","","",0,"","",""
2019,State,17,Illinois,All,816415,24662093,3.31,-2.73,-0.49,26261,3.22,-0.47,-0.12
2019,State,17,Illinois,FFS,45095,2255280,2,-4.24,-1.1,1281,2.84,-0.51,-0.42
2019,State,17,Illinois,MC,771320,22406813,3.44,-2.07,-0.5,24980,3.24,-1.46,-0.11
2019,State,18,Indiana,All,544482,14856323,3.67,-4.4,-0.48,31333,5.75,-2.08,-0.19
2019,State,18,Indiana,FFS,47209,2047599,2.31,-5.9,-0.03,3930,8.32,0.49,-1.79
2019,State,18,Indiana,MC,497273,12808724,3.88,3.73,-0.52,27403,5.51,5.51,-0.11
2019,State,19,Iowa,All,222389,4665744,4.77,-1.75,0.2,117879,53.01,46.68,14.77
2019,State,19,Iowa,FFS,9488,191448,4.96,"",0.54,3657,38.54,"",24.63
2019,State,19,Iowa,MC,212901,4474296,4.76,"",0.18,114222,53.65,"",13.74
2019,State,20,Kansas,All,106495,3218036,3.31,-4.04,-1.22,8228,7.73,-2.35,-1.77
2019,State,20,Kansas,FFS,311,19410,1.6,-0.77,0.14,16,5.14,-2.74,-5.74
2019,State,20,Kansas,MC,106184,3198626,3.32,-4.04,-1.23,8212,7.73,-2.35,-1.77
2019,State,21,Kentucky,All,662996,22211134,2.99,-2.03,-0.55,18036,2.72,-2.15,-0.32
2019,State,21,Kentucky,FFS,10839,802763,1.35,-1.19,-0.84,665,6.14,-8.01,-0.29
2019,State,21,Kentucky,MC,652157,21408371,3.05,-2.23,-0.54,17371,2.66,-1.73,-0.31
2019,State,22,Louisiana,All,619940,19038465,3.26,-3.16,-0.64,14330,2.31,-0.93,0.2
2019,State,22,Louisiana,FFS,7480,768902,0.97,-4.29,-0.15,664,8.88,5.35,-1.9
2019,State,22,Louisiana,MC,612460,18269563,3.35,-4.23,-0.67,13666,2.23,-0.81,0.24
2019,State,23,Maine,All,71943,2109869,3.41,-2.96,-0.36,10105,14.05,1.56,-1.2
2019,State,23,Maine,FFS,71943,2109869,3.41,-2.96,-0.36,10105,14.05,1.56,-1.2
2019,State,23,Maine,MC,0,0,"","","",0,"","",""
2019,State,24,Maryland,All,517087,13666287,3.78,-3.46,-0.52,53606,10.37,0.46,-0.37
2019,State,24,Maryland,FFS,24001,4537247,0.53,-1.13,-0.11,2782,11.59,-2.21,0.29
2019,State,24,Maryland,MC,493086,9129040,5.4,-4.31,-0.66,50824,10.31,0.7,-0.4
2019,State,25,Massachusetts,All,368831,16426950,2.25,-3.3,-0.37,35364,9.59,0.91,0.01
2019,State,25,Massachusetts,FFS,176076,7949305,2.22,-2.51,-0.33,17916,10.18,0.53,0.09
2019,State,25,Massachusetts,MC,192755,8477645,2.27,-4.01,-0.41,17448,9.05,1.03,-0.1
2019,State,26,Michigan,All,1038455,27368982,3.79,-5.18,-0.85,58585,5.64,-0.14,-0.11
2019,State,26,Michigan,FFS,85239,8507195,1,-2.33,-0.31,6755,7.92,0.92,0.27
2019,State,26,Michigan,MC,953216,18861787,5.05,-7.01,-1.1,51830,5.44,-0.16,-0.13
2019,State,27,Minnesota,All,320765,11420217,2.81,-3.66,-0.56,25451,7.93,0.27,-0.06
2019,State,27,Minnesota,FFS,45228,1915753,2.36,-3.24,-0.37,4093,9.05,0.4,-0.69
2019,State,27,Minnesota,MC,275537,9504464,2.9,-3.84,-0.6,21358,7.75,0.35,0.03
2019,State,28,Mississippi,All,197700,5371695,3.68,-3.6,-0.85,9269,4.69,1.19,0.04
2019,State,28,Mississippi,FFS,28805,924414,3.12,-0.83,-0.51,2099,7.29,3.55,0.18
2019,State,28,Mississippi,MC,168895,4447281,3.8,-6.5,-0.93,7170,4.25,0.84,0.02
2019,State,29,Missouri,All,354685,10936865,3.24,-3.4,-0.73,28104,7.92,-0.8,-1.24
2019,State,29,Missouri,FFS,354685,10936865,3.24,-3.4,-0.73,28104,7.92,-0.8,-1.24
2019,State,29,Missouri,MC,0,0,"","","",0,"","",""
2019,State,30,Montana,All,300500,3050636,9.85,1.7,0.37,181069,60.26,48.9,9.53
2019,State,30,Montana,FFS,300500,3050636,9.85,1.7,0.37,181069,60.26,48.9,9.53
2019,State,30,Montana,MC,0,0,"","","",0,"","",""
2019,State,31,Nebraska,All,75085,2414233,3.11,-3.06,-0.81,8796,11.71,2.25,-0.55
2019,State,31,Nebraska,FFS,199,8834,2.25,-4.08,-1.8,16,8.04,-1.68,-4.24
2019,State,31,Nebraska,MC,74886,2405399,3.11,-0.31,-0.81,8780,11.72,10.57,-0.54
2019,State,32,Nevada,All,294282,6326556,4.65,-5.17,-0.62,24945,8.48,-0.31,-0.59
2019,State,32,Nevada,FFS,107671,1811432,5.94,-3.8,-0.6,12252,11.38,-0.72,-0.63
2019,State,32,Nevada,MC,186611,4515124,4.13,-5.78,-0.59,12693,6.8,1.27,-0.5
2019,State,33,"New Hampshire",All,46089,1801094,2.56,-3.72,-0.08,6474,14.05,-0.09,-0.2
2019,State,33,"New Hampshire",FFS,1217,46544,2.61,-3.61,-0.57,146,12,0.8,3.17
2019,State,33,"New Hampshire",MC,44872,1754550,2.56,-3.73,-0.03,6328,14.1,-0.56,-0.81
2019,State,34,"New Jersey",All,495531,18770567,2.64,-2.44,-0.31,41545,8.38,-0.02,-0.35
2019,State,34,"New Jersey",FFS,10139,415001,2.44,-2.98,-0.53,2004,19.77,-1.38,0.06
2019,State,34,"New Jersey",MC,485392,18355566,2.64,-2.42,-0.31,39541,8.15,0.66,-0.34
2019,State,35,"New Mexico",All,202077,5011892,4.03,-3.78,-0.65,7305,3.62,-2.23,-0.27
2019,State,35,"New Mexico",FFS,13402,317266,4.22,-5.29,-1.13,548,4.09,1.92,-0.11
2019,State,35,"New Mexico",MC,188675,4694626,4.02,-3.75,-0.62,6757,3.58,-2.39,-0.29
2019,State,36,"New York",All,1138716,65624447,1.74,-1.51,-0.26,89826,7.89,-1.24,-0.51
2019,State,36,"New York",FFS,79871,8419509,0.95,-1.09,-0.05,10954,13.71,-1.27,-0.61
2019,State,36,"New York",MC,1058845,57204938,1.85,-1.57,-0.27,78872,7.45,-1.19,-0.62
2019,State,37,"North Carolina",All,520458,15521594,3.35,-3.98,-0.65,59423,11.42,2.24,0.42
2019,State,37,"North Carolina",FFS,520458,15521594,3.35,-3.98,-0.65,59423,11.42,2.24,0.42
2019,State,37,"North Carolina",MC,0,0,"","","",0,"","",""
2019,State,38,"North Dakota",All,29732,953771,3.12,-4.18,-0.71,942,3.17,-4.52,-1.17
2019,State,38,"North Dakota",FFS,13978,504720,2.77,-3.66,-0.48,426,3.05,-5.03,-1.35
2019,State,38,"North Dakota",MC,15754,449051,3.51,-6.45,-1.11,516,3.28,-3.63,-0.99
2019,State,39,Ohio,All,1063364,42151253,2.52,-4.61,-0.48,54719,5.15,-0.14,-0.21
2019,State,39,Ohio,FFS,77984,3351255,2.33,-3.33,-0.13,6442,8.26,-0.8,-1.1
2019,State,39,Ohio,MC,985380,38799998,2.54,-4.87,-0.5,48277,4.9,0.14,-0.19
2019,State,40,Oklahoma,All,236836,5357129,4.42,-3.91,-0.97,19148,8.08,1.03,-0.82
2019,State,40,Oklahoma,FFS,236836,5357129,4.42,-3.91,-0.97,19148,8.08,1.03,-0.82
2019,State,40,Oklahoma,MC,0,0,"","","",0,"","",""
2019,State,41,Oregon,All,381857,9174669,4.16,-5.29,-0.69,40879,10.71,2.78,4.44
2019,State,41,Oregon,FFS,18779,2100962,0.89,-2.33,-0.49,2923,15.57,8.15,-8.01
2019,State,41,Oregon,MC,363078,7073707,5.13,-6.44,-0.77,37956,10.45,2.47,5.41
2019,State,42,Pennsylvania,All,617653,32338095,1.91,-4.46,-0.83,60010,9.72,0.74,0.57
2019,State,42,Pennsylvania,FFS,10204,858935,1.19,-2.79,-0.2,1596,15.64,-0.45,-0.86
2019,State,42,Pennsylvania,MC,607449,31479160,1.93,-4.58,-0.86,58414,9.62,0.89,0.6
2019,State,44,"Rhode Island",All,71370,3172796,2.25,-3.38,-0.27,5817,8.15,2.09,0.5
2019,State,44,"Rhode Island",FFS,1957,151031,1.3,-3.03,-0.17,253,12.93,2.85,-1.53
2019,State,44,"Rhode Island",MC,69413,3021765,2.3,-3.47,-0.26,5564,8.02,2.3,0.52
2019,State,45,"South Carolina",All,178209,6450845,2.76,-4.35,-0.8,12930,7.26,1.38,-0.06
2019,State,45,"South Carolina",FFS,25398,1094110,2.32,-2.43,-0.3,2225,8.76,1.74,0.2
2019,State,45,"South Carolina",MC,152811,5356735,2.85,-4.77,-0.9,10705,7.01,1.29,-0.13
2019,State,46,"South Dakota",All,26420,868823,3.04,-3.68,-0.67,2627,9.94,2.06,-0.04
2019,State,46,"South Dakota",FFS,26420,868823,3.04,-3.68,-0.67,2627,9.94,2.06,-0.04
2019,State,46,"South Dakota",MC,0,0,"","","",0,"","",""
2019,State,47,Tennessee,All,334522,13730302,2.44,-5.21,-0.98,12306,3.68,-4.19,-0.5
2019,State,47,Tennessee,FFS,327769,12467701,2.63,-5.29,-0.93,12207,3.72,-4.15,-0.46
2019,State,47,Tennessee,MC,6753,1262601,0.53,0.53,0.43,99,1.47,"",-3.26
2019,State,48,Texas,All,731329,29780435,2.46,-2.05,-0.41,32193,4.4,0.11,-0.43
2019,State,48,Texas,FFS,14838,807219,1.84,-0.7,-0.52,519,3.5,-1.84,-0.29
2019,State,48,Texas,MC,716491,28973216,2.47,-2.45,-0.42,31674,4.42,0.25,-0.44
2019,State,49,Utah,All,113115,2622443,4.31,-3.76,-0.51,10834,9.58,-0.37,-0.79
2019,State,49,Utah,FFS,31985,1289055,2.48,-3.59,0.18,1789,5.59,-4.39,-2.06
2019,State,49,Utah,MC,81130,1333388,6.08,-3.76,-0.92,9045,11.15,1.22,0
2019,State,50,Vermont,All,47131,1466306,3.21,-4.93,-0.83,6938,14.72,0.57,-0.44
2019,State,50,Vermont,FFS,"",1451166,"","","","","","",""
2019,State,50,Vermont,MC,"",15140,"","","","","","",""
2019,State,51,Virginia,All,1752577,16919491,10.36,4.02,3.81,1409828,80.44,72.92,16.73
2019,State,51,Virginia,FFS,104328,586711,17.78,13.84,7.02,95912,91.93,81.97,5.98
2019,State,51,Virginia,MC,1648249,16332780,10.09,3.14,4.03,1313916,79.72,72.56,20.63
2019,State,53,Washington,All,575330,14081168,4.09,-4.91,-0.93,47042,8.18,-0.98,0.27
2019,State,53,Washington,FFS,54596,850513,6.42,-4.2,-1.93,2283,4.18,-4.14,0.13
2019,State,53,Washington,MC,520734,13230655,3.94,-4.78,-0.86,44759,8.6,-0.74,0.24
2019,State,54,"West Virginia",All,198673,9246096,2.15,-4.75,-0.58,7602,3.83,-0.42,-0.21
2019,State,54,"West Virginia",FFS,"",8934688,"","","","","","",""
2019,State,54,"West Virginia",MC,"",311408,"","","","","","",""
2019,State,55,Wisconsin,All,503993,10724127,4.7,-4.16,-0.7,104375,20.71,6.55,0.89
2019,State,55,Wisconsin,FFS,500501,10644908,4.7,-4.17,-0.7,103693,20.72,6.63,0.92
2019,State,55,Wisconsin,MC,3492,79219,4.41,-3.36,-0.22,682,19.53,-5.42,-3.67
2019,State,56,Wyoming,All,19614,442428,4.43,-3.37,-0.51,2128,10.85,0.66,0.94
2019,State,56,Wyoming,FFS,19614,442428,4.43,-3.37,-0.51,2128,10.85,0.66,0.94
2019,State,56,Wyoming,MC,0,0,"","","",0,"","",""
2018,National,"",National,All,25238309,684306379,3.69,"",-0.89,2404585,9.53,"",2.03
2018,National,"",National,FFS,7268215,193719197,3.75,"",-0.9,890870,12.26,"",2.92
2018,National,"",National,MC,17970094,490587182,3.66,"",-0.89,1513715,8.42,"",1.65
2018,State,01,Alabama,All,306107,7320348,4.18,-1.86,-0.67,12598,4.12,-0.21,-0.26
2018,State,01,Alabama,FFS,306107,7320348,4.18,-1.86,-0.67,12598,4.12,-0.21,-0.26
2018,State,01,Alabama,MC,0,0,"","","",0,"","",""
2018,State,02,Alaska,All,80393,1396855,5.76,-1.9,-0.74,10735,13.35,1.22,0.86
2018,State,02,Alaska,FFS,80393,1396855,5.76,-1.9,-0.74,10735,13.35,1.22,0.86
2018,State,02,Alaska,MC,0,0,"","","",0,"","",""
2018,State,04,Arizona,All,725152,15302465,4.74,-4.33,-1.29,57750,7.96,-2.91,-1.41
2018,State,04,Arizona,FFS,12439,140003,8.88,-5.92,-2.94,733,5.89,-3.63,0
2018,State,04,Arizona,MC,712713,15162462,4.7,-4.34,-1.28,57017,8,-2.88,-1.43
2018,State,05,Arkansas,All,256152,4922620,5.2,-1.42,-1.14,12308,4.81,0.42,-0.97
2018,State,05,Arkansas,FFS,256152,4922620,5.2,-1.42,"",12308,4.81,0.42,""
2018,State,05,Arkansas,MC,0,0,"","","",0,"","",""
2018,State,06,California,All,3317513,87788267,3.78,-2.4,-0.69,214856,6.48,-1.08,0
2018,State,06,California,FFS,821135,23694257,3.47,-1.91,-0.68,73401,8.94,-1.57,0.03
2018,State,06,California,MC,2496378,64094010,3.89,-2.88,-0.69,141455,5.67,-0.16,-0.01
2018,State,08,Colorado,All,526874,7891814,6.68,-4.38,-1.46,48730,9.25,-0.28,0.01
2018,State,08,Colorado,FFS,501250,7425443,6.75,-4.31,-1.41,46595,9.3,-0.23,-0.01
2018,State,08,Colorado,MC,25624,466371,5.49,"",-2.35,2135,8.33,"",0.08
2018,State,09,Connecticut,All,328216,9332386,3.52,-3.5,-0.78,22988,7,-2.09,-1.09
2018,State,09,Connecticut,FFS,328216,9332386,3.52,-3.5,-0.78,22988,7,-2.09,-1.09
2018,State,09,Connecticut,MC,0,0,"","","",0,"","",""
2018,State,10,Delaware,All,104405,2523930,4.14,-4.08,-0.35,17364,16.63,-0.31,-0.12
2018,State,10,Delaware,FFS,1379,71918,1.92,-6.83,-0.68,37,2.68,-14.26,-1.21
2018,State,10,Delaware,MC,103026,2452012,4.2,4.2,-0.35,17327,16.82,"",-0.19
2018,State,11,"District of Columbia",All,71367,2132009,3.35,-1.98,-0.47,3016,4.23,-0.87,-0.42
2018,State,11,"District of Columbia",FFS,28855,887746,3.25,-2.3,-0.52,2154,7.46,-1.12,-0.33
2018,State,11,"District of Columbia",MC,42512,1244263,3.42,-1.74,-0.44,862,2.03,-0.31,-0.47
2018,State,12,Florida,All,909791,28690918,3.17,-2.46,-0.93,64250,7.06,-1.02,0.11
2018,State,12,Florida,FFS,31912,2383161,1.34,-3.76,-0.48,2275,7.13,-0.47,0.62
2018,State,12,Florida,MC,877879,26307757,3.34,-3.09,-0.97,61975,7.06,-1.6,0.1
2018,State,13,Georgia,All,689375,15719768,4.39,-2.5,-0.78,41222,5.98,1.2,0.09
2018,State,13,Georgia,FFS,384869,7065679,5.45,-2.34,-0.56,35291,9.17,2.04,-0.1
2018,State,13,Georgia,MC,304506,8654089,3.52,-2.49,-0.94,5931,1.95,0.13,-0.14
2018,State,15,Hawaii,All,116285,2535285,4.59,-3.39,-0.9,12114,10.42,-0.22,-0.03
2018,State,15,Hawaii,FFS,"",5905,"","","","","","",""
2018,State,15,Hawaii,MC,"",2529380,"","","","","","",""
2018,State,16,Idaho,All,97332,2365543,4.11,-4.17,-1.17,8277,8.5,-0.66,-0.63
2018,State,16,Idaho,FFS,97332,2365543,4.11,-4.17,-1.17,8277,8.5,-0.66,-0.63
2018,State,16,Idaho,MC,0,0,"","","",0,"","",""
2018,State,17,Illinois,All,931939,24497908,3.8,-1.88,-0.91,31108,3.34,-0.82,-0.2
2018,State,17,Illinois,FFS,121354,3917158,3.1,-2.69,-1.65,3962,3.26,-0.53,0.21
2018,State,17,Illinois,MC,810585,20580750,3.94,-0.93,-0.76,27146,3.35,-4.25,-0.38
2018,State,18,Indiana,All,627571,15136391,4.15,-4.57,-1.15,37261,5.94,-2.62,0.17
2018,State,18,Indiana,FFS,44208,1885351,2.34,"",-0.13,4470,10.11,"",-1.09
2018,State,18,Indiana,MC,583363,13251040,4.4,"",-1.27,32791,5.62,"",0.16
2018,State,19,Iowa,All,203467,4449515,4.57,-1.46,0.59,77813,38.24,31.43,23.23
2018,State,19,Iowa,FFS,13043,294984,4.42,"",-0.82,1814,13.91,"",7.75
2018,State,19,Iowa,MC,190424,4154531,4.58,"",0.69,75999,39.91,"",24.14
2018,State,20,Kansas,All,152011,3353409,4.53,-2.77,-1.3,14441,9.5,1.03,-0.77
2018,State,20,Kansas,FFS,285,19482,1.46,-3.56,-0.9,31,10.88,-2.78,-7.96
2018,State,20,Kansas,MC,151726,3333927,4.55,-2.93,-1.29,14410,9.5,1.3,-0.76
2018,State,21,Kentucky,All,805852,22743671,3.54,-1.74,-0.55,24520,3.04,-1.6,-0.14
2018,State,21,Kentucky,FFS,17173,784856,2.19,-0.9,-0.24,1105,6.43,-5.16,-0.62
2018,State,21,Kentucky,MC,788679,21958815,3.59,-2.17,-0.56,23415,2.97,-0.85,-0.12
2018,State,22,Louisiana,All,734775,18860115,3.9,-2.7,-1.11,15474,2.11,-1.11,-0.29
2018,State,22,Louisiana,FFS,9397,836359,1.12,-4.33,-0.41,1013,10.78,7.31,-1.18
2018,State,22,Louisiana,MC,725378,18023756,4.02,-3.94,-1.17,14461,1.99,-1.03,-0.27
2018,State,23,Maine,All,71780,1902625,3.77,-3.11,-0.27,10949,15.25,5.33,-0.25
2018,State,23,Maine,FFS,71780,1902625,3.77,-3.11,-0.27,10949,15.25,5.33,-0.25
2018,State,23,Maine,MC,0,0,"","","",0,"","",""
2018,State,24,Maryland,All,600885,13986661,4.3,-3.02,-0.96,64548,10.74,1.18,-0.86
2018,State,24,Maryland,FFS,29253,4546349,0.64,-1.01,-0.21,3305,11.3,-3.27,-0.42
2018,State,24,Maryland,MC,571632,9440312,6.06,-4.01,-1.34,61243,10.71,1.55,-0.88
2018,State,25,Massachusetts,All,430522,16444982,2.62,-3.37,-0.57,41252,9.58,-0.17,-0.17
2018,State,25,Massachusetts,FFS,198485,7790447,2.55,-2.55,-0.22,20021,10.09,-0.9,-0.38
2018,State,25,Massachusetts,MC,232037,8654535,2.68,-4.24,-0.8,21231,9.15,0.35,-0.2
2018,State,26,Michigan,All,1328612,28620141,4.64,-4.06,-1.38,76458,5.75,-0.32,0
2018,State,26,Michigan,FFS,116770,8910362,1.31,-2.01,-0.39,8933,7.65,-0.56,0.39
2018,State,26,Michigan,MC,1211842,19709779,6.15,-5.76,-1.93,67525,5.57,-0.15,-0.02
2018,State,27,Minnesota,All,403006,11968054,3.37,-3.54,-0.77,32197,7.99,0.17,-0.81
2018,State,27,Minnesota,FFS,54350,1994221,2.73,-3.24,-0.71,5291,9.74,0.25,0.34
2018,State,27,Minnesota,MC,348656,9973833,3.5,-3.76,-0.78,26906,7.72,0.41,-0.98
2018,State,28,Mississippi,All,246032,5430130,4.53,-2.98,-1.03,11452,4.65,1.3,-0.04
2018,State,28,Mississippi,FFS,36063,992124,3.63,-0.66,-0.95,2565,7.11,3.83,-0.19
2018,State,28,Mississippi,MC,209969,4438006,4.73,-5.92,-1.04,8887,4.23,0.85,-0.04
2018,State,29,Missouri,All,447039,11248390,3.97,-2.9,-0.91,40950,9.16,0.74,-0.42
2018,State,29,Missouri,FFS,447039,11248390,3.97,-2.9,-0.91,40950,9.16,0.74,-0.42
2018,State,29,Missouri,MC,0,0,"","","",0,"","",""
2018,State,30,Montana,All,277969,2932299,9.48,1.05,2.78,141021,50.73,38.52,38.68
2018,State,30,Montana,FFS,277969,2932299,9.48,1.05,2.78,141021,50.73,38.52,38.68
2018,State,30,Montana,MC,0,0,"","","",0,"","",""
2018,State,31,Nebraska,All,105388,2685991,3.92,-2.5,-0.48,12923,12.26,2.95,0.03
2018,State,31,Nebraska,FFS,513,12676,4.05,-2.5,-0.49,63,12.28,2.61,-0.79
2018,State,31,Nebraska,MC,104875,2673315,3.92,-0.62,-0.48,12860,12.26,10.09,0.05
2018,State,32,Nevada,All,355621,6743954,5.27,-4.1,-2.03,32267,9.07,-1.73,0.52
2018,State,32,Nevada,FFS,133828,2047019,6.54,-2.59,-1.67,16071,12.01,-1.46,0.78
2018,State,32,Nevada,MC,221793,4696935,4.72,-5.16,-2.15,16196,7.3,1.96,0.27
2018,State,33,"New Hampshire",All,38477,1457118,2.64,-4.01,-0.58,5483,14.25,0.82,-0.22
2018,State,33,"New Hampshire",FFS,4180,131579,3.18,-3.49,-0.58,369,8.83,-4.37,1.67
2018,State,33,"New Hampshire",MC,34297,1325539,2.59,-3.78,-0.57,5114,14.91,-2.02,-0.62
2018,State,34,"New Jersey",All,561801,19024079,2.95,-1.79,-0.67,49065,8.73,-0.93,-0.56
2018,State,34,"New Jersey",FFS,12218,411960,2.97,-2.39,-0.41,2408,19.71,-0.07,-1.66
2018,State,34,"New Jersey",MC,549583,18612119,2.95,-1.69,-0.68,46657,8.49,0.72,-0.54
2018,State,35,"New Mexico",All,269377,5760819,4.68,-3.01,-0.86,10473,3.89,-3.48,-0.45
2018,State,35,"New Mexico",FFS,16789,313904,5.35,-2.91,-1.55,705,4.2,-0.34,0.27
2018,State,35,"New Mexico",MC,252588,5446915,4.64,-3.01,-0.83,9768,3.87,-3.7,-0.5
2018,State,36,"New York",All,1323843,66242615,2,-1.6,-0.48,111190,8.4,-0.31,-0.68
2018,State,36,"New York",FFS,70420,7073346,1,-1.35,-0.26,10086,14.32,-0.4,-0.33
2018,State,36,"New York",MC,1253423,59169269,2.12,-1.67,-0.47,101104,8.07,-0.08,-0.76
2018,State,37,"North Carolina",All,613662,15334132,4,-3.85,-1.55,67503,11,1.91,1.18
2018,State,37,"North Carolina",FFS,613662,15334132,4,-3.85,-1.55,67503,11,1.91,1.18
2018,State,37,"North Carolina",MC,0,0,"","","",0,"","",""
2018,State,38,"North Dakota",All,37137,970254,3.83,-2.95,-0.99,1610,4.34,-4.36,-1.96
2018,State,38,"North Dakota",FFS,18276,562243,3.25,-3.53,-0.74,804,4.4,-4.3,-1.19
2018,State,38,"North Dakota",MC,18861,408011,4.62,"",-1.41,806,4.27,"",-2.72
2018,State,39,Ohio,All,1290387,43030061,3,-4.6,-1.19,69216,5.36,-0.88,0.07
2018,State,39,Ohio,FFS,82827,3361552,2.46,-3.38,-1.05,7751,9.36,-0.68,0.7
2018,State,39,Ohio,MC,1207560,39668509,3.04,-5.19,-1.21,61465,5.09,-0.2,0.06
2018,State,40,Oklahoma,All,301559,5594019,5.39,-3.45,-1.03,26848,8.9,2.6,-0.48
2018,State,40,Oklahoma,FFS,301559,5594019,5.39,-3.45,-1.03,26848,8.9,2.6,-0.48
2018,State,40,Oklahoma,MC,0,0,"","","",0,"","",""
2018,State,41,Oregon,All,442781,9128530,4.85,-4.94,-1.38,27773,6.27,-3.79,-1.15
2018,State,41,Oregon,FFS,29346,2121796,1.38,-1.57,-0.71,6919,23.58,10.52,6.43
2018,State,41,Oregon,MC,413435,7006734,5.9,-6.23,-1.47,20854,5.04,-4.77,-1.62
2018,State,42,Pennsylvania,All,925613,33757168,2.74,-3.95,-1.5,84711,9.15,0.13,0.14
2018,State,42,Pennsylvania,FFS,16164,1161861,1.39,-3.77,-0.55,2667,16.5,2.22,-1.3
2018,State,42,Pennsylvania,MC,909449,32595307,2.79,-4.06,-1.53,82044,9.02,0.42,0.16
2018,State,44,"Rhode Island",All,88601,3509994,2.52,-2.77,-0.83,6777,7.65,-0.06,0.74
2018,State,44,"Rhode Island",FFS,1909,129744,1.47,-2.08,-0.74,276,14.46,1.37,3.17
2018,State,44,"Rhode Island",MC,86692,3380250,2.56,-3.13,-0.84,6501,7.5,0.58,0.71
2018,State,45,"South Carolina",All,233689,6572749,3.56,-3.31,-1.28,17101,7.32,1.29,0.9
2018,State,45,"South Carolina",FFS,29639,1131077,2.62,-3.59,-0.52,2537,8.56,1.4,0.13
2018,State,45,"South Carolina",MC,204050,5441672,3.75,-3.6,-1.44,14564,7.14,1.8,0.97
2018,State,46,"South Dakota",All,32785,883742,3.71,-3.61,-1.07,3272,9.98,1.76,0.23
2018,State,46,"South Dakota",FFS,32785,883742,3.71,-3.61,-1.07,3272,9.98,1.76,0.23
2018,State,46,"South Dakota",MC,0,0,"","","",0,"","",""
2018,State,47,Tennessee,All,439502,12857336,3.42,-5.76,-2.46,18354,4.18,-3.97,-0.33
2018,State,47,Tennessee,FFS,438973,12327257,3.56,-6.06,-2.57,18329,4.18,-3.97,-0.33
2018,State,47,Tennessee,MC,529,530079,0.1,0.1,0.07,25,4.73,"",4.73
2018,State,48,Texas,All,890992,31001509,2.87,-2.13,-0.47,43041,4.83,0.73,-0.42
2018,State,48,Texas,FFS,20832,884458,2.36,-0.38,-0.29,790,3.79,-1.36,-1.28
2018,State,48,Texas,MC,870160,30117051,2.89,-2.61,-0.48,42251,4.86,0.87,-0.4
2018,State,49,Utah,All,120134,2493470,4.82,-3.13,-1.09,12461,10.37,1.43,-0.82
2018,State,49,Utah,FFS,26667,1158399,2.3,-3.97,-0.39,2040,7.65,-1.95,-1.17
2018,State,49,Utah,MC,93467,1335071,7,-2.29,-1.49,10421,11.15,2.56,-0.64
2018,State,50,Vermont,All,60520,1496974,4.04,-4.81,-0.91,9175,15.16,1.15,-0.03
2018,State,50,Vermont,FFS,60520,1496398,4.04,-4.81,-0.91,9175,15.16,1.15,-0.03
2018,State,50,Vermont,MC,0,576,0,"","",0,"","",""
2018,State,51,Virginia,All,726937,11094725,6.55,-0.4,2.37,463103,63.71,56.62,47.21
2018,State,51,Virginia,FFS,124827,1160633,10.76,5.93,7,107289,85.95,75.64,50.32
2018,State,51,Virginia,MC,602110,9934092,6.06,-1.52,1.8,355814,59.09,52.6,45.74
2018,State,53,Washington,All,715536,14259809,5.02,-3.8,-1.17,56601,7.91,-3.24,-0.33
2018,State,53,Washington,FFS,74347,889942,8.35,0.49,-1.43,3012,4.05,-8.38,-0.48
2018,State,53,Washington,MC,641189,13369867,4.8,-4.51,-1.15,53589,8.36,-2.23,-0.28
2018,State,54,"West Virginia",All,258932,9484701,2.73,-4.19,-0.89,10468,4.04,-1.5,-0.83
2018,State,54,"West Virginia",FFS,"",9118430,"","","","","","",""
2018,State,54,"West Virginia",MC,"",366271,"","","","","","",""
2018,State,55,Wisconsin,All,591217,10952680,5.4,-3.45,-1.05,117200,19.82,6.43,1.28
2018,State,55,Wisconsin,FFS,587515,10872708,5.4,-3.45,-1.06,116341,19.8,6.43,1.32
2018,State,55,Wisconsin,MC,3702,79972,4.63,-3.75,-0.58,859,23.2,4.73,-4.87
2018,State,56,Wyoming,All,23396,473451,4.94,-2.84,-0.91,2318,9.91,-0.36,0.49
2018,State,56,Wyoming,FFS,23396,473451,4.94,-2.84,-0.91,2318,9.91,-0.36,0.49
2018,State,56,Wyoming,MC,0,0,"","","",0,"","",""
2017,National,"",National,All,32143076,702035786,4.58,"",-0.8,2411118,7.5,"",-0.04
2017,National,"",National,FFS,9117998,196084883,4.65,"",-0.64,851580,9.34,"",0.19
2017,National,"",National,MC,23025078,505950903,4.55,"",-0.87,1559538,6.77,"",-0.09
2017,State,01,Alabama,All,357609,7378771,4.85,"",-0.52,15659,4.38,"",-0.41
2017,State,01,Alabama,FFS,357609,7378771,4.85,"",-0.52,15659,4.38,"",-0.41
2017,State,01,Alabama,MC,0,0,"","","",0,"","",""
2017,State,02,Alaska,All,97745,1502878,6.5,"",-1.4,12207,12.49,"",0.9
2017,State,02,Alaska,FFS,97745,1502878,6.5,"",-1.4,12207,12.49,"",0.9
2017,State,02,Alaska,MC,0,0,"","","",0,"","",""
2017,State,04,Arizona,All,969145,16068406,6.03,"",-1.26,90771,9.37,"",-1.46
2017,State,04,Arizona,FFS,17317,146542,11.82,"",-2.27,1020,5.89,"",-1.99
2017,State,04,Arizona,MC,951828,15921864,5.98,"",-1.26,89751,9.43,"",-1.44
2017,State,05,Arkansas,All,320668,5054536,6.34,"",-0.54,18529,5.78,"",0.38
2017,State,05,Arkansas,FFS,"","","","","","","","",""
2017,State,05,Arkansas,MC,"","","","","","","","",""
2017,State,06,California,All,3961483,88707972,4.47,"",-0.68,256744,6.48,"",0.11
2017,State,06,California,FFS,978549,23558912,4.15,"",-0.57,87203,8.91,"",1.46
2017,State,06,California,MC,2982934,65149060,4.58,"",-0.73,169541,5.68,"",-0.31
2017,State,08,Colorado,All,674324,8282553,8.14,"",-0.95,62300,9.24,"",0.38
2017,State,08,Colorado,FFS,631731,7739391,8.16,"",-0.88,58785,9.31,"",0.37
2017,State,08,Colorado,MC,42593,543162,7.84,"",-1.95,3515,8.25,"",0.41
2017,State,09,Connecticut,All,395289,9185076,4.3,"",-0.87,31973,8.09,"",-1.37
2017,State,09,Connecticut,FFS,395289,9185076,4.3,"",-0.87,31973,8.09,"",-1.37
2017,State,09,Connecticut,MC,0,0,"","","",0,"","",""
2017,State,10,Delaware,All,109681,2445300,4.49,"",-0.88,18376,16.75,"",0.62
2017,State,10,Delaware,FFS,2136,82305,2.6,"",-1.28,83,3.89,"",-2.91
2017,State,10,Delaware,MC,107545,2362995,4.55,"",-0.88,18293,17.01,"",0.64
2017,State,11,"District of Columbia",All,84548,2211298,3.82,"",-0.55,3931,4.65,"",-0.31
2017,State,11,"District of Columbia",FFS,34348,911805,3.77,"",-0.67,2674,7.79,"",-0.68
2017,State,11,"District of Columbia",MC,50200,1299493,3.86,"",-0.46,1257,2.5,"",0
2017,State,12,Florida,All,1211987,29570324,4.1,"",-0.41,84204,6.95,"",0.18
2017,State,12,Florida,FFS,45267,2487586,1.82,"",-0.36,2948,6.51,"",0.45
2017,State,12,Florida,MC,1166720,27082738,4.31,"",-0.44,81256,6.96,"",0.16
2017,State,13,Georgia,All,845916,16364730,5.17,"",-0.64,49793,5.89,"",0.68
2017,State,13,Georgia,FFS,447647,7442540,6.01,"",-0.58,41477,9.27,"",1.39
2017,State,13,Georgia,MC,398269,8922190,4.46,"",-0.64,8316,2.09,"",0.08
2017,State,15,Hawaii,All,147616,2687441,5.49,"",-0.67,15421,10.45,"",0.6
2017,State,15,Hawaii,FFS,"",8746,"","","","","","",""
2017,State,15,Hawaii,MC,"",2678695,"","","","","","",""
2017,State,16,Idaho,All,122710,2324545,5.28,"",-0.84,11205,9.13,"",-0.32
2017,State,16,Idaho,FFS,122710,2324545,5.28,"",-0.84,11205,9.13,"",-0.32
2017,State,16,Idaho,MC,0,0,"","","",0,"","",""
2017,State,17,Illinois,All,1319967,28011845,4.71,"",-0.87,46782,3.54,"",-0.24
2017,State,17,Illinois,FFS,355577,7478114,4.75,"",-0.9,10834,3.05,"",-0.57
2017,State,17,Illinois,MC,964390,20533731,4.7,"",-0.86,35948,3.73,"",-0.11
2017,State,18,Indiana,All,822481,15522656,5.3,"",-1.1,47426,5.77,"",-0.57
2017,State,18,Indiana,FFS,44436,1802016,2.47,"",-0.19,4977,11.2,"",5.39
2017,State,18,Indiana,MC,778045,13720640,5.67,"",-2.12,42449,5.46,"",-0.95
2017,State,19,Iowa,All,159341,4008611,3.98,"",-0.67,23917,15.01,"",7.49
2017,State,19,Iowa,FFS,12654,241617,5.24,"",-0.16,780,6.16,"",-1.5
2017,State,19,Iowa,MC,146687,3766994,3.89,"",-0.39,23137,15.77,"",8.34
2017,State,20,Kansas,All,252877,4339894,5.83,"",-0.22,25968,10.27,"",-0.2
2017,State,20,Kansas,FFS,398,16835,2.36,"",-0.2,75,18.84,"",8.23
2017,State,20,Kansas,MC,252479,4323059,5.84,"",-0.23,25893,10.26,"",-0.21
2017,State,21,Kentucky,All,890494,21790870,4.09,"",-0.29,28341,3.18,"",0.13
2017,State,21,Kentucky,FFS,20194,830061,2.43,"",-0.18,1424,7.05,"",-2.21
2017,State,21,Kentucky,MC,870300,20960809,4.15,"",-0.31,26917,3.09,"",0.22
2017,State,22,Louisiana,All,915815,18265464,5.01,"",-0.72,22014,2.4,"",-0.7
2017,State,22,Louisiana,FFS,13507,882977,1.53,"",-0.32,1616,11.96,"",1.34
2017,State,22,Louisiana,MC,902308,17382487,5.19,"",-0.85,20398,2.26,"",-0.65
2017,State,23,Maine,All,92109,2280294,4.04,"",-1.08,14275,15.5,"",-0.11
2017,State,23,Maine,FFS,92109,2280294,4.04,"",-1.08,14275,15.5,"",-0.11
2017,State,23,Maine,MC,0,0,"","","",0,"","",""
2017,State,24,Maryland,All,725183,13776012,5.26,"",-0.86,84130,11.6,"",-0.97
2017,State,24,Maryland,FFS,38269,4493295,0.85,"",-0.35,4485,11.72,"",-3.06
2017,State,24,Maryland,MC,686914,9282717,7.4,"",-1.17,79645,11.59,"",-0.82
2017,State,25,Massachusetts,All,497104,15596116,3.19,"",-0.85,48471,9.75,"",0.24
2017,State,25,Massachusetts,FFS,179003,6459637,2.77,"",-0.54,18735,10.47,"",-0.5
2017,State,25,Massachusetts,MC,318101,9136479,3.48,"",-1.02,29736,9.35,"",0.53
2017,State,26,Michigan,All,1790287,29721159,6.02,"",-1.25,102854,5.75,"",-0.3
2017,State,26,Michigan,FFS,162306,9561731,1.7,"",-0.41,11790,7.26,"",0.66
2017,State,26,Michigan,MC,1627981,20159428,8.08,"",-1.49,91064,5.59,"",-0.4
2017,State,27,Minnesota,All,537469,12989205,4.14,"",-0.7,47302,8.8,"",0.43
2017,State,27,Minnesota,FFS,75409,2195023,3.44,"",-0.74,7090,9.4,"",0.4
2017,State,27,Minnesota,MC,462060,10794182,4.28,"",-0.73,40212,8.7,"",0.46
2017,State,28,Mississippi,All,313911,5642241,5.56,"",-0.75,14726,4.69,"",0.63
2017,State,28,Mississippi,FFS,43978,959988,4.58,"",-0.44,3209,7.3,"",0.64
2017,State,28,Mississippi,MC,269933,4682253,5.77,"",-0.8,11517,4.27,"",0.6
2017,State,29,Missouri,All,563378,11537162,4.88,"",-0.67,53980,9.58,"",0.51
2017,State,29,Missouri,FFS,563378,11537162,4.88,"",-0.67,53980,9.58,"",0.51
2017,State,29,Missouri,MC,0,0,"","","",0,"","",""
2017,State,30,Montana,All,168938,2520686,6.7,"",-0.93,20356,12.05,"",4.05
2017,State,30,Montana,FFS,168938,2520686,6.7,"",-0.93,20356,12.05,"",4.05
2017,State,30,Montana,MC,0,0,"","","",0,"","",""
2017,State,31,Nebraska,All,114907,2611708,4.4,"",-0.89,14056,12.23,"",1.7
2017,State,31,Nebraska,FFS,3099,68297,4.54,"",-1.13,405,13.07,"",2.22
2017,State,31,Nebraska,MC,111808,2543411,4.4,"",2.28,13651,12.21,"",8.88
2017,State,32,Nevada,All,500209,6849042,7.3,"",-0.85,42780,8.55,"",-0.41
2017,State,32,Nevada,FFS,181043,2206235,8.21,"",-0.3,20328,11.23,"",-0.58
2017,State,32,Nevada,MC,319166,4642807,6.87,"",-1.07,22452,7.03,"",-0.16
2017,State,33,"New Hampshire",All,44210,1371600,3.22,"",-1.28,6395,14.47,"",0.34
2017,State,33,"New Hampshire",FFS,5612,149324,3.76,"",-2,402,7.16,"",-2.88
2017,State,33,"New Hampshire",MC,38598,1222276,3.16,"",-1.18,5993,15.53,"",0.72
2017,State,34,"New Jersey",All,695230,19191707,3.62,"",-0.87,64609,9.29,"",0.29
2017,State,34,"New Jersey",FFS,14715,435139,3.38,"",-0.58,3144,21.37,"",-1.43
2017,State,34,"New Jersey",MC,680515,18756568,3.63,"",-0.87,61465,9.03,"",0.34
2017,State,35,"New Mexico",All,333142,6015850,5.54,"",-0.89,14457,4.34,"",0.74
2017,State,35,"New Mexico",FFS,19940,288830,6.9,"",-2.86,784,3.93,"",0.89
2017,State,35,"New Mexico",MC,313202,5727020,5.47,"",-0.87,13673,4.37,"",0.74
2017,State,36,"New York",All,1580414,63794440,2.48,"",-0.38,143493,9.08,"",-0.38
2017,State,36,"New York",FFS,68467,5430944,1.26,"",-0.42,10032,14.65,"",0.64
2017,State,36,"New York",MC,1511947,58363496,2.59,"",-0.41,133461,8.83,"",-0.32
2017,State,37,"North Carolina",All,907210,16357861,5.55,"",-0.69,89054,9.82,"",-0.01
2017,State,37,"North Carolina",FFS,907210,16357861,5.55,"",-0.69,89054,9.82,"",-0.01
2017,State,37,"North Carolina",MC,0,0,"","","",0,"","",""
2017,State,38,"North Dakota",All,47049,975487,4.82,"",-1.11,2966,6.3,"",-1.24
2017,State,38,"North Dakota",FFS,22972,576016,3.99,"",-0.8,1283,5.59,"",-1.46
2017,State,38,"North Dakota",MC,24077,399471,6.03,"",-1.46,1683,6.99,"",-0.98
2017,State,39,Ohio,All,1985281,47386286,4.19,"",-1.15,105111,5.29,"",0.15
2017,State,39,Ohio,FFS,143042,4077081,3.51,"",-0.73,12390,8.66,"",-0.02
2017,State,39,Ohio,MC,1842239,43309205,4.25,"",-1.22,92721,5.03,"",0.21
2017,State,40,Oklahoma,All,370972,5777676,6.42,"",-0.76,34785,9.38,"",0.24
2017,State,40,Oklahoma,FFS,370972,5777676,6.42,"",-0.76,34785,9.38,"",0.24
2017,State,40,Oklahoma,MC,0,0,"","","",0,"","",""
2017,State,41,Oregon,All,632950,10152945,6.23,"",-1.2,46966,7.42,"",-0.49
2017,State,41,Oregon,FFS,45887,2192476,2.09,"",-0.41,7871,17.15,"",4.92
2017,State,41,Oregon,MC,587063,7960469,7.37,"",-1.58,39095,6.66,"",-0.87
2017,State,42,Pennsylvania,All,1550456,36591559,4.24,"",-1.22,139675,9.01,"",0.43
2017,State,42,Pennsylvania,FFS,25502,1313213,1.94,"",-0.3,4539,17.8,"",2.34
2017,State,42,Pennsylvania,MC,1524954,35278346,4.32,"",-1.28,135136,8.86,"",0.4
2017,State,44,"Rhode Island",All,115176,3437309,3.35,"",-0.86,7964,6.91,"",0.25
2017,State,44,"Rhode Island",FFS,3143,141904,2.21,"",-0.53,355,11.29,"",2
2017,State,44,"Rhode Island",MC,112033,3295405,3.4,"",-0.9,7609,6.79,"",0.23
2017,State,45,"South Carolina",All,327850,6778325,4.84,"",-0.98,21059,6.42,"",0.09
2017,State,45,"South Carolina",FFS,36399,1160852,3.14,"",-0.58,3070,8.43,"",0.09
2017,State,45,"South Carolina",MC,291451,5617473,5.19,"",-1.11,17989,6.17,"",0.11
2017,State,46,"South Dakota",All,44054,921594,4.78,"",-0.61,4294,9.75,"",0.42
2017,State,46,"South Dakota",FFS,44054,921594,4.78,"",-0.61,4294,9.75,"",0.42
2017,State,46,"South Dakota",MC,0,0,"","","",0,"","",""
2017,State,47,Tennessee,All,792596,13486012,5.88,"",-1.17,35708,4.51,"",-0.43
2017,State,47,Tennessee,FFS,792448,12932642,6.13,"","",35708,4.51,"",""
2017,State,47,Tennessee,MC,148,553370,0.03,"","",0,0,"",""
2017,State,48,Texas,All,1059775,31763848,3.34,"",-0.4,55686,5.25,"",0.59
2017,State,48,Texas,FFS,36400,1374612,2.65,"",0.86,1846,5.07,"",0.59
2017,State,48,Texas,MC,1023375,30389236,3.37,"",-0.6,53840,5.26,"",0.59
2017,State,49,Utah,All,149966,2535925,5.91,"",-1.29,16778,11.19,"",0.06
2017,State,49,Utah,FFS,30270,1125955,2.69,"",-1.67,2670,8.82,"",-0.28
2017,State,49,Utah,MC,119696,1409970,8.49,"",-1.02,14108,11.79,"",-0.1
2017,State,50,Vermont,All,75070,1516195,4.95,"",-1.38,11401,15.19,"",1.1
2017,State,50,Vermont,FFS,75070,1516195,4.95,"",-1.38,11401,15.19,"",1.1
2017,State,50,Vermont,MC,0,0,"","","",0,"","",""
2017,State,51,Virginia,All,432561,10350736,4.18,"",-1.41,71363,16.5,"",2.63
2017,State,51,Virginia,FFS,61125,1626550,3.76,"",-2.06,21778,35.63,"",-12.31
2017,State,51,Virginia,MC,371436,8724186,4.26,"",-1.29,49585,13.35,"",6.49
2017,State,53,Washington,All,944547,15267268,6.19,"",-1.07,77809,8.24,"",-0.66
2017,State,53,Washington,FFS,92478,945787,9.78,"",0.06,4189,4.53,"",-1.34
2017,State,53,Washington,MC,852069,14321481,5.95,"",-1.06,73620,8.64,"",-0.69
2017,State,54,"West Virginia",All,341010,9433267,3.62,"",-0.94,16617,4.87,"",0.07
2017,State,54,"West Virginia",FFS,169213,4780450,3.54,"",-0.81,8606,5.09,"",-1.93
2017,State,54,"West Virginia",MC,171797,4652817,3.69,"",-0.98,8011,4.66,"",0.98
2017,State,55,Wisconsin,All,721150,11183308,6.45,"",-1.21,133685,18.54,"",2.44
2017,State,55,Wisconsin,FFS,716932,11102389,6.46,"",-1.21,132501,18.48,"",2.43
2017,State,55,Wisconsin,MC,4218,80919,5.21,"",-0.8,1184,28.07,"",1.84
2017,State,56,Wyoming,All,29216,499793,5.85,"",-0.56,2752,9.42,"",0.2
2017,State,56,Wyoming,FFS,29216,499793,5.85,"",-0.56,2752,9.42,"",0.2
2017,State,56,Wyoming,MC,0,0,"","","",0,"","",""
2016,National,"",National,All,36902273,685821751,5.38,"",-0.53,2783521,7.54,"",-0.06
2016,National,"",National,FFS,10991785,207684096,5.29,"",-0.55,1005887,9.15,"",0.46
2016,National,"",National,MC,25910488,478137655,5.42,"",-0.53,1777634,6.86,"",-0.18
2016,State,01,Alabama,All,407587,7587123,5.37,"",-0.26,19535,4.79,"",0.01
2016,State,01,Alabama,FFS,407587,7587123,5.37,"",-0.26,19535,4.79,"",0.01
2016,State,01,Alabama,MC,0,0,"","","",0,"","",""
2016,State,02,Alaska,All,96490,1222153,7.9,"",0.29,11181,11.59,"",-0.73
2016,State,02,Alaska,FFS,96490,1222153,7.9,"",0.29,11181,11.59,"",-0.73
2016,State,02,Alaska,MC,0,0,"","","",0,"","",""
2016,State,04,Arizona,All,1283751,17621826,7.29,"",-0.5,139024,10.83,"",0.44
2016,State,04,Arizona,FFS,17062,121058,14.09,"",-1.27,1345,7.88,"",-0.85
2016,State,04,Arizona,MC,1266689,17500768,7.24,"",-0.48,137679,10.87,"",0.45
2016,State,05,Arkansas,All,333081,4840413,6.88,"",-0.13,17987,5.4,"",0.61
2016,State,05,Arkansas,FFS,333081,4840413,6.88,"",-0.13,17987,5.4,"",0.61
2016,State,05,Arkansas,MC,0,0,"","","",0,"","",""
2016,State,06,California,All,4422964,85934130,5.15,"",-0.44,281593,6.37,"",-0.14
2016,State,06,California,FFS,1138419,24117523,4.72,"",-0.51,84862,7.45,"",-0.38
2016,State,06,California,MC,3284545,61816607,5.31,"",-0.44,196731,5.99,"",0.01
2016,State,08,Colorado,All,808077,8890600,9.09,"",-1.12,71628,8.86,"",0.14
2016,State,08,Colorado,FFS,749633,8293871,9.04,"",-1.17,67044,8.94,"",0.22
2016,State,08,Colorado,MC,58444,596729,9.79,"","",4584,7.84,"",""
2016,State,09,Connecticut,All,488372,9451826,5.17,"",-0.92,46197,9.46,"",-0.4
2016,State,09,Connecticut,FFS,488372,9451826,5.17,"",-0.92,46197,9.46,"",-0.4
2016,State,09,Connecticut,MC,0,0,"","","",0,"","",""
2016,State,10,Delaware,All,153469,2855698,5.37,"",-0.93,24754,16.13,"",0.36
2016,State,10,Delaware,FFS,3913,100808,3.88,"",-1.23,266,6.8,"",-4.21
2016,State,10,Delaware,MC,149556,2754890,5.43,"",-0.93,24488,16.37,"",0.39
2016,State,11,"District of Columbia",All,100823,2306334,4.37,"",-0.45,4996,4.96,"",-0.95
2016,State,11,"District of Columbia",FFS,41513,934941,4.44,"",-0.87,3515,8.47,"",-1.65
2016,State,11,"District of Columbia",MC,59310,1371393,4.32,"",-0.17,1481,2.5,"",-0.01
2016,State,12,Florida,All,1322139,29307650,4.51,"",-0.52,89448,6.77,"",-2.52
2016,State,12,Florida,FFS,59638,2734325,2.18,"",-0.98,3613,6.06,"",-1.95
2016,State,12,Florida,MC,1262501,26573325,4.75,"",-0.54,85835,6.8,"",-2.59
2016,State,13,Georgia,All,921770,15853475,5.81,"",-0.46,47997,5.21,"",0.14
2016,State,13,Georgia,FFS,501804,7614706,6.59,"",-0.51,39537,7.88,"",0.11
2016,State,13,Georgia,MC,419966,8238769,5.1,"",-0.44,8460,2.01,"",-0.06
2016,State,15,Hawaii,All,149762,2432123,6.16,"",-0.59,14750,9.85,"",-1.16
2016,State,15,Hawaii,FFS,"",9893,"","","","","","",""
2016,State,15,Hawaii,MC,"",2422230,"","","","","","",""
2016,State,16,Idaho,All,137352,2244662,6.12,"",-0.73,12975,9.45,"",-0.75
2016,State,16,Idaho,FFS,137352,2244662,6.12,"",-0.73,12975,9.45,"",-0.75
2016,State,16,Idaho,MC,0,0,"","","",0,"","",""
2016,State,17,Illinois,All,1455711,26070277,5.58,"",-0.5,55052,3.78,"",-0.09
2016,State,17,Illinois,FFS,387380,6851599,5.65,"",-0.32,14024,3.62,"",-0.07
2016,State,17,Illinois,MC,1068331,19218678,5.56,"",-0.6,41028,3.84,"",-0.16
2016,State,18,Indiana,All,1047787,16368081,6.4,"",-0.68,66423,6.34,"",-0.67
2016,State,18,Indiana,FFS,117732,4422848,2.66,"",-2.37,6843,5.81,"",-2.12
2016,State,18,Indiana,MC,930055,11945233,7.79,"",-1.42,59580,6.41,"",-0.08
2016,State,19,Iowa,All,292032,6283383,4.65,"",-1.22,21956,7.52,"",0.65
2016,State,19,Iowa,FFS,112098,2076671,5.4,"",-0.52,8583,7.66,"",0.79
2016,State,19,Iowa,MC,179934,4206712,4.28,"",4.26,13373,7.43,"",7.43
2016,State,20,Kansas,All,198812,3284776,6.05,"",-0.29,20818,10.47,"",0.09
2016,State,20,Kansas,FFS,462,18013,2.56,"",-0.31,49,10.61,"",0.87
2016,State,20,Kansas,MC,198350,3266763,6.07,"",-0.29,20769,10.47,"",0.08
2016,State,21,Kentucky,All,724665,16554851,4.38,"",0.31,22094,3.05,"",-0.15
2016,State,21,Kentucky,FFS,20093,770150,2.61,"",-0.01,1860,9.26,"",-2.17
2016,State,21,Kentucky,MC,704572,15784701,4.46,"",0.28,20234,2.87,"",0.08
2016,State,22,Louisiana,All,750510,13100935,5.73,"",0.32,23246,3.1,"",-0.43
2016,State,22,Louisiana,FFS,17953,973059,1.85,"",-1.65,1906,10.62,"",5.57
2016,State,22,Louisiana,MC,732557,12127876,6.04,"",0.02,21340,2.91,"",-0.34
2016,State,23,Maine,All,121654,2374544,5.12,"",-0.69,18995,15.61,"",1
2016,State,23,Maine,FFS,121654,2374544,5.12,"",-0.69,18995,15.61,"",1
2016,State,23,Maine,MC,0,0,"","","",0,"","",""
2016,State,24,Maryland,All,838175,13698112,6.12,"",-0.48,105342,12.57,"",0.92
2016,State,24,Maryland,FFS,54545,4549336,1.2,"",-0.59,8063,14.78,"",1.2
2016,State,24,Maryland,MC,783630,9148776,8.57,"",-0.42,97279,12.41,"",0.95
2016,State,25,Massachusetts,All,640783,15869343,4.04,"",-0.87,60964,9.51,"",0.78
2016,State,25,Massachusetts,FFS,206065,6217861,3.31,"",-0.86,22613,10.97,"",0.74
2016,State,25,Massachusetts,MC,434718,9651482,4.5,"",-0.96,38351,8.82,"",0.92
2016,State,26,Michigan,All,2131199,29311749,7.27,"",-0.76,128903,6.05,"",-0.21
2016,State,26,Michigan,FFS,190332,9031368,2.11,"",-0.39,12554,6.6,"",-0.82
2016,State,26,Michigan,MC,1940867,20280381,9.57,"",-1.29,116349,5.99,"",-0.13
2016,State,27,Minnesota,All,591038,12211579,4.84,"",-0.9,49487,8.37,"",0.23
2016,State,27,Minnesota,FFS,105497,2523319,4.18,"",-0.7,9490,9,"",0.14
2016,State,27,Minnesota,MC,485541,9688260,5.01,"",-0.98,39997,8.24,"",0.27
2016,State,28,Mississippi,All,370224,5862814,6.31,"",-0.58,15027,4.06,"",0.03
2016,State,28,Mississippi,FFS,47897,953647,5.02,"",0.95,3191,6.66,"",1.24
2016,State,28,Mississippi,MC,322327,4909167,6.57,"",-1.52,11836,3.67,"",-0.07
2016,State,29,Missouri,All,645729,11639372,5.55,"",-0.43,58575,9.07,"",-0.06
2016,State,29,Missouri,FFS,645729,11639372,5.55,"",-0.43,58575,9.07,"",-0.06
2016,State,29,Missouri,MC,0,0,"","","",0,"","",""
2016,State,30,Montana,All,150780,1977263,7.63,"",0.12,12062,8,"",-3.24
2016,State,30,Montana,FFS,150780,1977263,7.63,"",0.12,12062,8,"",-3.24
2016,State,30,Montana,MC,0,0,"","","",0,"","",""
2016,State,31,Nebraska,All,119540,2258272,5.29,"",-0.42,12586,10.53,"",0.37
2016,State,31,Nebraska,FFS,114469,2019347,5.67,"",-0.18,12417,10.85,"",0.5
2016,State,31,Nebraska,MC,5071,238925,2.12,"",-0.8,169,3.33,"",0.91
2016,State,32,Nevada,All,562700,6905599,8.15,"",-0.73,50394,8.96,"",-0.01
2016,State,32,Nevada,FFS,215098,2527388,8.51,"",-0.64,25407,11.81,"",-0.1
2016,State,32,Nevada,MC,347602,4378211,7.94,"",-0.76,24987,7.19,"",0.3
2016,State,33,"New Hampshire",All,64968,1443132,4.5,"",-1.65,9181,14.13,"",1.92
2016,State,33,"New Hampshire",FFS,9287,161211,5.76,"",-0.27,932,10.04,"",0.9
2016,State,33,"New Hampshire",MC,55681,1281921,4.34,"",-1.82,8249,14.81,"",2.23
2016,State,34,"New Jersey",All,984999,21949648,4.49,"",-0.39,88613,9,"",0.71
2016,State,34,"New Jersey",FFS,21622,546036,3.96,"",-1.08,4929,22.8,"",2.56
2016,State,34,"New Jersey",MC,963377,21403612,4.5,"",-0.37,83684,8.69,"",0.96
2016,State,35,"New Mexico",All,388990,6045099,6.43,"",-0.49,14007,3.6,"",-0.97
2016,State,35,"New Mexico",FFS,16723,171430,9.76,"",-0.36,509,3.04,"",0.63
2016,State,35,"New Mexico",MC,372267,5873669,6.34,"",-0.48,13498,3.63,"",-1.04
2016,State,36,"New York",All,1901793,66604952,2.86,"",-0.37,179990,9.46,"",0.66
2016,State,36,"New York",FFS,121762,7235099,1.68,"",-0.26,17060,14.01,"",0.99
2016,State,36,"New York",MC,1780031,59369853,3,"",-0.41,162930,9.15,"",0.66
2016,State,37,"North Carolina",All,1028283,16491258,6.24,"",-0.81,101114,9.83,"",0.51
2016,State,37,"North Carolina",FFS,1028283,16491258,6.24,"",-0.81,101114,9.83,"",0.51
2016,State,37,"North Carolina",MC,0,0,"","","",0,"","",""
2016,State,38,"North Dakota",All,57576,970401,5.93,"",-1,4340,7.54,"",-0.41
2016,State,38,"North Dakota",FFS,26841,560179,4.79,"",-0.97,1891,7.05,"",-1.07
2016,State,38,"North Dakota",MC,30735,410222,7.49,"",-1.22,2449,7.97,"",0.18
2016,State,39,Ohio,All,2268467,42492082,5.34,"",-0.81,116615,5.14,"",0.04
2016,State,39,Ohio,FFS,189854,4478616,4.24,"",-0.52,16472,8.68,"",-0.09
2016,State,39,Ohio,MC,2078613,38013466,5.47,"",-0.88,100143,4.82,"",0.12
2016,State,40,Oklahoma,All,411583,5731262,7.18,"",-0.45,37628,9.14,"",0.68
2016,State,40,Oklahoma,FFS,411583,5731262,7.18,"",-0.45,37628,9.14,"",0.68
2016,State,40,Oklahoma,MC,0,0,"","","",0,"","",""
2016,State,41,Oregon,All,711338,9580372,7.43,"",-1.05,56250,7.91,"",0.15
2016,State,41,Oregon,FFS,56666,2264967,2.5,"",-0.03,6929,12.23,"",4.07
2016,State,41,Oregon,MC,654672,7315405,8.95,"",-1.26,49321,7.53,"",-0.2
2016,State,42,Pennsylvania,All,1777698,32529888,5.46,"",-0.55,152497,8.58,"",-0.08
2016,State,42,Pennsylvania,FFS,29781,1331902,2.24,"",-1.95,4604,15.46,"",5.96
2016,State,42,Pennsylvania,MC,1747917,31197986,5.6,"",-0.5,147893,8.46,"",-0.17
2016,State,44,"Rhode Island",All,136367,3235433,4.21,"",-0.67,9080,6.66,"",0.18
2016,State,44,"Rhode Island",FFS,4693,171228,2.74,"",-0.7,436,9.29,"",-1.94
2016,State,44,"Rhode Island",MC,131674,3064205,4.3,"",-0.7,8644,6.56,"",0.34
2016,State,45,"South Carolina",All,361208,6206881,5.82,"",-0.72,22859,6.33,"",-0.02
2016,State,45,"South Carolina",FFS,42772,1150090,3.72,"",-0.54,3568,8.34,"",0.34
2016,State,45,"South Carolina",MC,318436,5056791,6.3,"",-0.73,19291,6.06,"",-0.07
2016,State,46,"South Dakota",All,52261,970045,5.39,"",-0.67,4875,9.33,"",-0.02
2016,State,46,"South Dakota",FFS,52261,970045,5.39,"",-0.67,4875,9.33,"",-0.02
2016,State,46,"South Dakota",MC,0,0,"","","",0,"","",""
2016,State,47,Tennessee,All,988430,14030213,7.05,"",-0.74,48782,4.94,"",-1.89
2016,State,47,Tennessee,FFS,"",13517350,"","","","","","",""
2016,State,47,Tennessee,MC,"",512863,"","","","","","",""
2016,State,48,Texas,All,1198191,32030908,3.74,"",-0.1,55792,4.66,"",-0.25
2016,State,48,Texas,FFS,61700,3439385,1.79,"",0.07,2767,4.48,"",0.1
2016,State,48,Texas,MC,1136491,28591523,3.97,"",-0.18,53025,4.67,"",-0.27
2016,State,49,Utah,All,194553,2702574,7.2,"",-0.53,21661,11.13,"",0.18
2016,State,49,Utah,FFS,52946,1213481,4.36,"",-0.7,4818,9.1,"",-1.44
2016,State,49,Utah,MC,141607,1489093,9.51,"",-0.53,16843,11.89,"",0.76
2016,State,50,Vermont,All,100025,1579436,6.33,"",-0.7,14090,14.09,"",0.13
2016,State,50,Vermont,FFS,100025,1579436,6.33,"",-0.7,14090,14.09,"",0.13
2016,State,50,Vermont,MC,0,0,"","","",0,"","",""
2016,State,51,Virginia,All,585718,10476636,5.59,"",-0.13,81224,13.87,"",6.61
2016,State,51,Virginia,FFS,99891,1715479,5.82,"",2.39,47890,47.94,"",40.49
2016,State,51,Virginia,MC,485827,8761157,5.55,"",-0.61,33334,6.86,"",-0.38
2016,State,53,Washington,All,1063755,14647844,7.26,"",-0.85,94677,8.9,"",-0.44
2016,State,53,Washington,FFS,133218,1371247,9.72,"",-0.46,7824,5.87,"",-1.29
2016,State,53,Washington,MC,930537,13276597,7.01,"",-0.81,86853,9.33,"",-0.4
2016,State,54,"West Virginia",All,444655,9755986,4.56,"",-1.04,21360,4.8,"",-0.11
2016,State,54,"West Virginia",FFS,149568,3440044,4.35,"",-1.48,10496,7.02,"",1.42
2016,State,54,"West Virginia",MC,295087,6315942,4.67,"",-0.45,10864,3.68,"",0.38
2016,State,55,Wisconsin,All,880031,11491754,7.66,"",-0.85,141725,16.1,"",0.9
2016,State,55,Wisconsin,FFS,875014,11408280,7.67,"",-0.86,140409,16.05,"",0.91
2016,State,55,Wisconsin,MC,5017,83474,6.01,"",-0.39,1316,26.23,"",0.1
2016,State,56,Wyoming,All,34408,536984,6.41,"",-0.91,3172,9.22,"",-0.48
2016,State,56,Wyoming,FFS,34408,536984,6.41,"",-0.91,3172,9.22,"",-0.48
2016,State,56,Wyoming,MC,0,0,"","","",0,"","",""
2015,National,"",National,All,37964067,641988059,5.91,"",-0.56,2885869,7.6,"",0.12
2015,National,"",National,FFS,13003494,222827876,5.84,"",-0.55,1129559,8.69,"",0.33
2015,National,"",National,MC,24960573,419160183,5.95,"",-0.58,1756310,7.04,"",0.18
2015,State,01,Alabama,All,418709,7431591,5.63,"",-0.7,20023,4.78,"",0.34
2015,State,01,Alabama,FFS,418709,7431591,5.63,"",-0.7,20023,4.78,"",0.34
2015,State,01,Alabama,MC,0,0,"","","",0,"","",""
2015,State,02,Alaska,All,73451,964721,7.61,"",-0.28,9048,12.32,"",0.56
2015,State,02,Alaska,FFS,73451,964721,7.61,"",-0.28,9048,12.32,"",0.56
2015,State,02,Alaska,MC,0,0,"","","",0,"","",""
2015,State,04,Arizona,All,1234984,15862678,7.79,"",-1.34,128368,10.39,"",0.16
2015,State,04,Arizona,FFS,19581,127504,15.36,"",-0.64,1709,8.73,"",0.33
2015,State,04,Arizona,MC,1215403,15735174,7.72,"",-1.35,126659,10.42,"",0.16
2015,State,05,Arkansas,All,356271,5081298,7.01,"",-0.43,17058,4.79,"",0.69
2015,State,05,Arkansas,FFS,356271,5081298,7.01,"",-0.43,17058,4.79,"",0.69
2015,State,05,Arkansas,MC,0,0,"","","",0,"","",""
2015,State,06,California,All,4595531,82195162,5.59,"",-0.73,299032,6.51,"",0.14
2015,State,06,California,FFS,1312920,25082464,5.23,"",-0.5,102737,7.83,"",-0.7
2015,State,06,California,MC,3282611,57112698,5.75,"",-0.96,196295,5.98,"",0.83
2015,State,08,Colorado,All,831193,8138457,10.21,"",-0.89,72496,8.72,"",0.49
2015,State,08,Colorado,FFS,831193,8138457,10.21,"",-0.89,72496,8.72,"",0.49
2015,State,08,Colorado,MC,0,0,"","","",0,"","",""
2015,State,09,Connecticut,All,558678,9179056,6.09,"",-0.65,55066,9.86,"",0.35
2015,State,09,Connecticut,FFS,558678,9179056,6.09,"",-0.65,55066,9.86,"",0.35
2015,State,09,Connecticut,MC,0,0,"","","",0,"","",""
2015,State,10,Delaware,All,160202,2543370,6.3,"",-1.59,25260,15.77,"",-1.1
2015,State,10,Delaware,FFS,6747,132052,5.11,"",-3.4,743,11.01,"",-5.86
2015,State,10,Delaware,MC,153455,2411318,6.36,"",6.36,24517,15.98,"",""
2015,State,11,"District of Columbia",All,102182,2120399,4.82,"",-0.29,6039,5.91,"",0.65
2015,State,11,"District of Columbia",FFS,45664,860645,5.31,"",-0.28,4621,10.12,"",0.83
2015,State,11,"District of Columbia",MC,56518,1259754,4.49,"",-0.31,1418,2.51,"",0.21
2015,State,12,Florida,All,1449594,28800818,5.03,"",-0.47,134606,9.29,"",0.93
2015,State,12,Florida,FFS,107926,3414780,3.16,"",-1.53,8646,8.01,"",0.76
2015,State,12,Florida,MC,1341668,25386038,5.29,"",-0.69,125960,9.39,"",0.51
2015,State,13,Georgia,All,1010138,16122034,6.27,"",-0.39,51178,5.07,"",0.1
2015,State,13,Georgia,FFS,530809,7472188,7.1,"",-0.43,41265,7.77,"",0.31
2015,State,13,Georgia,MC,479329,8649846,5.54,"",-0.32,9913,2.07,"",0.05
2015,State,15,Hawaii,All,181416,2688123,6.75,"",-0.64,19977,11.01,"",0.13
2015,State,15,Hawaii,FFS,1859,9447,19.68,"","",0,0,"",""
2015,State,15,Hawaii,MC,179557,2678676,6.7,"","",19977,11.13,"",""
2015,State,16,Idaho,All,151504,2211751,6.85,"",-1.02,15453,10.2,"",0.94
2015,State,16,Idaho,FFS,151504,2211751,6.85,"",-1.02,15453,10.2,"",0.94
2015,State,16,Idaho,MC,0,0,"","","",0,"","",""
2015,State,17,Illinois,All,1370982,22538680,6.08,"",0.04,53086,3.87,"",0.18
2015,State,17,Illinois,FFS,564007,9443174,5.97,"",-0.27,20801,3.69,"",0.34
2015,State,17,Illinois,MC,806975,13095506,6.16,"",0.65,32285,4,"",-0.7
2015,State,18,Indiana,All,894115,12636259,7.08,"",-0.99,62687,7.01,"",-0.82
2015,State,18,Indiana,FFS,324434,6447607,5.03,"",-3.18,25722,7.93,"",0.1
2015,State,18,Indiana,MC,569681,6188652,9.21,"",9.06,36965,6.49,"",6.49
2015,State,19,Iowa,All,383909,6543441,5.87,"",-0.65,26370,6.87,"",0.54
2015,State,19,Iowa,FFS,383897,6480005,5.92,"","",26370,6.87,"",""
2015,State,19,Iowa,MC,12,63436,0.02,"","",0,0,"",""
2015,State,20,Kansas,All,206223,3251174,6.34,"",-1.01,21414,10.38,"",0.3
2015,State,20,Kansas,FFS,380,13253,2.87,"",0.5,37,9.74,"",1.86
2015,State,20,Kansas,MC,205843,3237921,6.36,"",-1,21377,10.39,"",0.31
2015,State,21,Kentucky,All,442586,10884664,4.07,"",-0.95,14161,3.2,"",-1.67
2015,State,21,Kentucky,FFS,21108,805167,2.62,"",0.08,2413,11.43,"",-2.72
2015,State,21,Kentucky,MC,421478,10079497,4.18,"",-1.1,11748,2.79,"",-1.6
2015,State,22,Louisiana,All,674313,12474565,5.41,"",-1.01,23817,3.53,"",0.29
2015,State,22,Louisiana,FFS,105747,3022468,3.5,"",-1.76,5344,5.05,"",1.52
2015,State,22,Louisiana,MC,568566,9452097,6.02,"",-1.56,18473,3.25,"",0.21
2015,State,23,Maine,All,144435,2486994,5.81,"",-0.56,21106,14.61,"",2.12
2015,State,23,Maine,FFS,144435,2486994,5.81,"",-0.56,21106,14.61,"",2.12
2015,State,23,Maine,MC,0,0,"","","",0,"","",""
2015,State,24,Maryland,All,872390,13211317,6.6,"",-0.64,101634,11.65,"",1.74
2015,State,24,Maryland,FFS,78570,4382592,1.79,"",0.13,10666,13.58,"",-0.22
2015,State,24,Maryland,MC,793820,8828725,8.99,"",-0.72,90968,11.46,"",1.85
2015,State,25,Massachusetts,All,725485,14761853,4.91,"",-0.64,63358,8.73,"",0.05
2015,State,25,Massachusetts,FFS,258792,6213052,4.17,"",-0.56,26471,10.23,"",0.58
2015,State,25,Massachusetts,MC,466693,8548801,5.46,"",-0.82,36887,7.9,"",-0.12
2015,State,26,Michigan,All,2061794,25672797,8.03,"",-0.94,128971,6.26,"",0.48
2015,State,26,Michigan,FFS,217586,8694747,2.5,"",-0.83,16150,7.42,"",0.42
2015,State,26,Michigan,MC,1844208,16978050,10.86,"",-1.2,112821,6.12,"",0.52
2015,State,27,Minnesota,All,669825,11664948,5.74,"",-0.73,54530,8.14,"",0.48
2015,State,27,Minnesota,FFS,128011,2624619,4.88,"",-0.72,11340,8.86,"",0.21
2015,State,27,Minnesota,MC,541814,9040329,5.99,"",-0.75,43190,7.97,"",0.57
2015,State,28,Mississippi,All,398288,5777031,6.89,"",-0.39,16068,4.03,"",0.53
2015,State,28,Mississippi,FFS,69790,1714814,4.07,"",0.12,3783,5.42,"",1.68
2015,State,28,Mississippi,MC,328498,4062217,8.09,"",-2.21,12285,3.74,"",0.33
2015,State,29,Missouri,All,688180,11501582,5.98,"",-0.66,62831,9.13,"",0.41
2015,State,29,Missouri,FFS,688180,11501582,5.98,"",-0.66,62831,9.13,"",0.41
2015,State,29,Missouri,MC,0,0,"","","",0,"","",""
2015,State,30,Montana,All,91586,1218812,7.51,"",-0.64,10294,11.24,"",-0.12
2015,State,30,Montana,FFS,91586,1218812,7.51,"",-0.64,10294,11.24,"",-0.12
2015,State,30,Montana,MC,0,0,"","","",0,"","",""
2015,State,31,Nebraska,All,124394,2179658,5.71,"",-0.46,12634,10.16,"",0.7
2015,State,31,Nebraska,FFS,121332,2074876,5.85,"",-0.48,12560,10.35,"",0.63
2015,State,31,Nebraska,MC,3062,104782,2.92,"",-0.5,74,2.42,"",1.27
2015,State,32,Nevada,All,543108,6116148,8.88,"",-0.94,48714,8.97,"",0.18
2015,State,32,Nevada,FFS,224882,2457035,9.15,"",-0.59,26784,11.91,"",-0.19
2015,State,32,Nevada,MC,318226,3659113,8.7,"",-1.21,21930,6.89,"",1.36
2015,State,33,"New Hampshire",All,114119,1855673,6.15,"",-0.13,13929,12.21,"",-1.93
2015,State,33,"New Hampshire",FFS,12321,204253,6.03,"",-0.19,1126,9.14,"",-2.06
2015,State,33,"New Hampshire",MC,101798,1651420,6.16,"",-0.13,12803,12.58,"",-2.08
2015,State,34,"New Jersey",All,896657,18392224,4.88,"",-0.2,74316,8.29,"",-0.11
2015,State,34,"New Jersey",FFS,39876,791441,5.04,"",-0.38,8072,20.24,"",-0.91
2015,State,34,"New Jersey",MC,856781,17600783,4.87,"",-0.19,66244,7.73,"",0.24
2015,State,35,"New Mexico",All,374578,5416924,6.92,"",-0.89,17123,4.57,"",-1.28
2015,State,35,"New Mexico",FFS,15923,157328,10.12,"",0.61,384,2.41,"",0.24
2015,State,35,"New Mexico",MC,358655,5259596,6.82,"",-0.95,16739,4.67,"",-1.3
2015,State,36,"New York",All,2050749,63418188,3.23,"",-0.02,180556,8.8,"",-0.33
2015,State,36,"New York",FFS,144005,7422510,1.94,"",-0.1,18750,13.02,"",-1.96
2015,State,36,"New York",MC,1906744,55995678,3.41,"",-0.01,161806,8.49,"",-0.15
2015,State,37,"North Carolina",All,1154370,16383622,7.05,"",-0.28,107551,9.32,"",0.14
2015,State,37,"North Carolina",FFS,1154370,16383622,7.05,"",-0.28,107551,9.32,"",0.14
2015,State,37,"North Carolina",MC,0,0,"","","",0,"","",""
2015,State,38,"North Dakota",All,63279,913341,6.93,"",-0.37,5032,7.95,"",0.26
2015,State,38,"North Dakota",FFS,31680,550349,5.76,"",-0.67,2572,8.12,"",0.04
2015,State,38,"North Dakota",MC,31599,362992,8.71,"",-1.25,2460,7.79,"",0.88
2015,State,39,Ohio,All,2433474,39561885,6.15,"",-0.98,124156,5.1,"",-0.19
2015,State,39,Ohio,FFS,240476,5048778,4.76,"",-0.9,21087,8.77,"",-0.29
2015,State,39,Ohio,MC,2192998,34513107,6.35,"",-1.06,103069,4.7,"",-0.06
2015,State,40,Oklahoma,All,446323,5846998,7.63,"",-0.7,37769,8.46,"",1.41
2015,State,40,Oklahoma,FFS,446323,5846998,7.63,"",-0.7,37769,8.46,"",1.41
2015,State,40,Oklahoma,MC,0,0,"","","",0,"","",""
2015,State,41,Oregon,All,823688,9713026,8.48,"",-0.97,63924,7.76,"",-0.17
2015,State,41,Oregon,FFS,55484,2191376,2.53,"",-0.69,4530,8.16,"",0.74
2015,State,41,Oregon,MC,768204,7521650,10.21,"",-1.36,59394,7.73,"",-0.25
2015,State,42,Pennsylvania,All,1743650,29018034,6.01,"",-0.36,151015,8.66,"",-0.32
2015,State,42,Pennsylvania,FFS,57668,1374755,4.19,"",0.21,5480,9.5,"",-6.59
2015,State,42,Pennsylvania,MC,1685982,27643279,6.1,"",-0.41,145535,8.63,"",-0.1
2015,State,44,"Rhode Island",All,156807,3211987,4.88,"",-0.75,10165,6.48,"",0.42
2015,State,44,"Rhode Island",FFS,8326,241965,3.44,"",-0.89,935,11.23,"",1.15
2015,State,44,"Rhode Island",MC,148481,2970022,5,"",-0.77,9230,6.22,"",0.5
2015,State,45,"South Carolina",All,432594,6618502,6.54,"",-0.57,27454,6.35,"",0.47
2015,State,45,"South Carolina",FFS,50369,1182900,4.26,"",-0.49,4031,8,"",0.98
2015,State,45,"South Carolina",MC,382225,5435602,7.03,"",-0.59,23423,6.13,"",0.41
2015,State,46,"South Dakota",All,53083,875406,6.06,"",-0.66,4961,9.35,"",1.47
2015,State,46,"South Dakota",FFS,53083,875406,6.06,"",-0.66,4961,9.35,"",1.47
2015,State,46,"South Dakota",MC,0,0,"","","",0,"","",""
2015,State,47,Tennessee,All,1018415,13081374,7.79,"",0.14,69553,6.83,"",-1.04
2015,State,47,Tennessee,FFS,1018415,12599987,8.08,"",0.16,69553,6.83,"",-1.04
2015,State,47,Tennessee,MC,0,481387,0,"",0,0,"","",""
2015,State,48,Texas,All,1217575,31697280,3.84,"",-0.67,59782,4.91,"",0.62
2015,State,48,Texas,FFS,69824,4048393,1.72,"",-0.82,3055,4.38,"",-0.96
2015,State,48,Texas,MC,1147751,27648887,4.15,"",-0.77,56727,4.94,"",0.77
2015,State,49,Utah,All,217098,2810261,7.73,"",-0.34,23770,10.95,"",1
2015,State,49,Utah,FFS,66189,1307250,5.06,"",-1.01,6976,10.54,"",0.56
2015,State,49,Utah,MC,150909,1503011,10.04,"",0.2,16794,11.13,"",1.2
2015,State,50,Vermont,All,110808,1576744,7.03,"",-1.11,15465,13.96,"",-0.19
2015,State,50,Vermont,FFS,110808,1576744,7.03,"",-1.11,15465,13.96,"",-0.19
2015,State,50,Vermont,MC,0,0,"","","",0,"","",""
2015,State,51,Virginia,All,583116,10186332,5.72,"",-0.62,42311,7.26,"",-0.26
2015,State,51,Virginia,FFS,55572,1621381,3.43,"",-0.51,4140,7.45,"",-2.51
2015,State,51,Virginia,MC,527544,8564951,6.16,"",-0.79,38171,7.24,"",0.08
2015,State,53,Washington,All,1136474,14016747,8.11,"",-0.89,106143,9.34,"",0.18
2015,State,53,Washington,FFS,174035,1709226,10.18,"",-0.44,12464,7.16,"",-1.16
2015,State,53,Washington,MC,962439,12307521,7.82,"",-0.9,93679,9.73,"",0.39
2015,State,54,"West Virginia",All,520370,9293729,5.6,"",-1.3,25575,4.91,"",0.66
2015,State,54,"West Virginia",FFS,364476,6246606,5.83,"",-1.36,20427,5.6,"",0.93
2015,State,54,"West Virginia",MC,155894,3047123,5.12,"",-0.74,5148,3.3,"",0.89
2015,State,55,Wisconsin,All,962286,11306189,8.51,"",-0.35,146248,15.2,"",1.04
2015,State,55,Wisconsin,FFS,957134,11225645,8.53,"",-0.34,144902,15.14,"",1.05
2015,State,55,Wisconsin,MC,5152,80544,6.4,"",-1.37,1346,26.13,"",1.18
2015,State,56,Wyoming,All,39088,534212,7.32,"",-0.48,3792,9.7,"",-0.49
2015,State,56,Wyoming,FFS,39088,534212,7.32,"",-0.48,3792,9.7,"",-0.49
2015,State,56,Wyoming,MC,0,0,"","","",0,"","",""
2014,National,"",National,All,37014898,571877738,6.47,"",-0.13,2767969,7.48,"",-0.3
2014,National,"",National,FFS,15303765,239577769,6.39,"",-0.06,1279499,8.36,"",-0.42
2014,National,"",National,MC,21711133,332299969,6.53,"",-0.21,1488470,6.86,"",-0.06
2014,State,01,Alabama,All,457095,7225656,6.33,"",0.29,20284,4.44,"",0.11
2014,State,01,Alabama,FFS,457095,7225656,6.33,"",0.29,20284,4.44,"",0.11
2014,State,01,Alabama,MC,0,0,"","","",0,"","",""
2014,State,02,Alaska,All,73636,933039,7.89,"",0.23,8657,11.76,"",-0.37
2014,State,02,Alaska,FFS,73636,933039,7.89,"",0.23,8657,11.76,"",-0.37
2014,State,02,Alaska,MC,0,0,"","","",0,"","",""
2014,State,04,Arizona,All,1183532,12965244,9.13,"",0.06,121085,10.23,"",-0.64
2014,State,04,Arizona,FFS,17440,109010,16,"",1.2,1465,8.4,"",-1.12
2014,State,04,Arizona,MC,1166092,12856234,9.07,"",0.03,119620,10.26,"",-0.62
2014,State,05,Arkansas,All,373458,5019643,7.44,"",0.82,15295,4.1,"",-0.29
2014,State,05,Arkansas,FFS,373458,5019643,7.44,"",0.82,15295,4.1,"",-0.29
2014,State,05,Arkansas,MC,0,0,"","","",0,"","",""
2014,State,06,California,All,3968627,62811331,6.32,"",0.14,252814,6.37,"",-1.19
2014,State,06,California,FFS,1430279,24973565,5.73,"",0.35,122072,8.53,"",-1.98
2014,State,06,California,MC,2538348,37837766,6.71,"",-0.06,130742,5.15,"",-0.68
2014,State,08,Colorado,All,792615,7143629,11.1,"",0.04,65204,8.23,"",-1.3
2014,State,08,Colorado,FFS,792615,7143629,11.1,"",0.04,65204,8.23,"",-1.3
2014,State,08,Colorado,MC,0,0,"","","",0,"","",""
2014,State,09,Connecticut,All,558385,8285804,6.74,"",-0.28,53120,9.51,"",0.42
2014,State,09,Connecticut,FFS,558385,8285804,6.74,"",-0.28,53120,9.51,"",0.42
2014,State,09,Connecticut,MC,0,0,"","","",0,"","",""
2014,State,10,Delaware,All,182877,2317320,7.89,"",-0.33,30850,16.87,"",-0.07
2014,State,10,Delaware,FFS,182877,2150003,8.51,"",-0.24,30850,16.87,"",-0.07
2014,State,10,Delaware,MC,0,167317,0,"",0,0,"","",""
2014,State,11,"District of Columbia",All,113314,2219032,5.11,"",-0.22,5963,5.26,"",0.16
2014,State,11,"District of Columbia",FFS,47980,857831,5.59,"",0.04,4458,9.29,"",0.71
2014,State,11,"District of Columbia",MC,65334,1361201,4.8,"",-0.36,1505,2.3,"",-0.04
2014,State,12,Florida,All,1512996,27494170,5.5,"",-0.13,126517,8.36,"",0.28
2014,State,12,Florida,FFS,479040,10217124,4.69,"",-0.41,34716,7.25,"",-0.35
2014,State,12,Florida,MC,1033956,17277046,5.98,"",-0.45,91801,8.88,"",0.22
2014,State,13,Georgia,All,1060821,15929791,6.66,"",-0.23,52746,4.97,"",0.19
2014,State,13,Georgia,FFS,575053,7633101,7.53,"",-0.26,42927,7.46,"",0.33
2014,State,13,Georgia,MC,485768,8296690,5.86,"",-0.15,9819,2.02,"",0.2
2014,State,15,Hawaii,All,172816,2337189,7.39,"",-0.59,18806,10.88,"",0.24
2014,State,15,Hawaii,FFS,"",9206,"","","","","","",""
2014,State,15,Hawaii,MC,"",2327983,"","","","","","",""
2014,State,16,Idaho,All,170663,2168150,7.87,"",-0.41,15795,9.26,"",0.1
2014,State,16,Idaho,FFS,170663,2168150,7.87,"",-0.41,15795,9.26,"",0.1
2014,State,16,Idaho,MC,0,0,"","","",0,"","",""
2014,State,17,Illinois,All,1163492,19275809,6.04,"",0.36,42968,3.69,"",-0.47
2014,State,17,Illinois,FFS,870764,13960806,6.24,"",0.45,29200,3.35,"",-0.44
2014,State,17,Illinois,MC,292728,5315003,5.51,"",0.64,13768,4.7,"",-2.9
2014,State,18,Indiana,All,883752,10952185,8.07,"",-0.65,69180,7.83,"",-0.73
2014,State,18,Indiana,FFS,883469,10757326,8.21,"","",69180,7.83,"",""
2014,State,18,Indiana,MC,283,194859,0.15,"","",0,0,"",""
2014,State,19,Iowa,All,364662,5597028,6.52,"",0.49,23075,6.33,"",-0.48
2014,State,19,Iowa,FFS,"",5539749,"","","","","","",""
2014,State,19,Iowa,MC,"",57279,"","","","","","",""
2014,State,20,Kansas,All,435071,5916227,7.35,"",0.05,43870,10.08,"",1.61
2014,State,20,Kansas,FFS,292,12297,2.37,"",-2.65,23,7.88,"",-5.78
2014,State,20,Kansas,MC,434779,5903930,7.36,"",-0.12,43847,10.08,"",1.88
2014,State,21,Kentucky,All,440014,8771954,5.02,"",-0.26,21432,4.87,"",0.23
2014,State,21,Kentucky,FFS,21589,851348,2.54,"",-0.55,3055,14.15,"",2.56
2014,State,21,Kentucky,MC,418425,7920606,5.28,"",-0.48,18377,4.39,"",0.57
2014,State,22,Louisiana,All,582538,9072284,6.42,"",-0.18,18878,3.24,"",0.02
2014,State,22,Louisiana,FFS,238230,4528785,5.26,"",-0.19,8411,3.53,"",0.06
2014,State,22,Louisiana,MC,344308,4543499,7.58,"",-0.38,10467,3.04,"",0.02
2014,State,23,Maine,All,165770,2603002,6.37,"",-0.51,20700,12.49,"",2.57
2014,State,23,Maine,FFS,165770,2603002,6.37,"",-0.51,20700,12.49,"",2.57
2014,State,23,Maine,MC,0,0,"","","",0,"","",""
2014,State,24,Maryland,All,916088,12644689,7.24,"",-0.08,90764,9.91,"",0.35
2014,State,24,Maryland,FFS,64237,3871332,1.66,"",0.01,8862,13.8,"",-0.77
2014,State,24,Maryland,MC,851851,8773357,9.71,"",-0.36,81902,9.61,"",0.45
2014,State,25,Massachusetts,All,795227,14333178,5.55,"",-0.44,68987,8.68,"",-1.07
2014,State,25,Massachusetts,FFS,319414,6755927,4.73,"",-0.37,30809,9.65,"",-1.34
2014,State,25,Massachusetts,MC,475813,7577251,6.28,"",-0.64,38178,8.02,"",-0.78
2014,State,26,Michigan,All,1985989,22147232,8.97,"",0.27,114804,5.78,"",-0.29
2014,State,26,Michigan,FFS,261233,7839897,3.33,"",0.01,18293,7,"",-1.21
2014,State,26,Michigan,MC,1724756,14307335,12.06,"",0.15,96511,5.6,"",-0.12
2014,State,27,Minnesota,All,766837,11853531,6.47,"",-0.44,58711,7.66,"",-0.16
2014,State,27,Minnesota,FFS,159120,2841596,5.6,"",-0.37,13769,8.65,"",-0.84
2014,State,27,Minnesota,MC,607717,9011935,6.74,"",-0.52,44942,7.4,"",0.09
2014,State,28,Mississippi,All,401779,5516409,7.28,"",-0.23,14043,3.5,"",0.15
2014,State,28,Mississippi,FFS,103629,2622096,3.95,"",-0.34,3878,3.74,"",0.46
2014,State,28,Mississippi,MC,298150,2894313,10.3,"",-0.35,10165,3.41,"",0.03
2014,State,29,Missouri,All,689336,10384504,6.64,"",-0.23,60087,8.72,"",0.3
2014,State,29,Missouri,FFS,689336,10384504,6.64,"",-0.23,60087,8.72,"",0.3
2014,State,29,Missouri,MC,0,0,"","","",0,"","",""
2014,State,30,Montana,All,91528,1123370,8.15,"",-0.28,10398,11.36,"",-0.85
2014,State,30,Montana,FFS,91528,1123370,8.15,"",-0.28,10398,11.36,"",-0.85
2014,State,30,Montana,MC,0,0,"","","",0,"","",""
2014,State,31,Nebraska,All,137228,2224614,6.17,"",-0.25,12979,9.46,"",0.15
2014,State,31,Nebraska,FFS,132985,2100662,6.33,"",-0.22,12930,9.72,"",0.05
2014,State,31,Nebraska,MC,4243,123952,3.42,"",-1.12,49,1.15,"",-1.02
2014,State,32,Nevada,All,464138,4724323,9.82,"",0.45,40819,8.79,"",-2.01
2014,State,32,Nevada,FFS,230767,2370457,9.74,"",0.61,27918,12.1,"",-1.37
2014,State,32,Nevada,MC,233371,2353866,9.91,"",0.03,12901,5.53,"",0.19
2014,State,33,"New Hampshire",All,95010,1512555,6.28,"",-0.37,13435,14.14,"",0.71
2014,State,33,"New Hampshire",FFS,14259,229068,6.22,"",-0.45,1597,11.2,"",-2
2014,State,33,"New Hampshire",MC,80751,1283487,6.29,"",-0.08,11838,14.66,"",-2.27
2014,State,34,"New Jersey",All,750707,14783152,5.08,"",0.34,63035,8.4,"",-1.26
2014,State,34,"New Jersey",FFS,49918,921605,5.42,"",0.06,10558,21.15,"",1.37
2014,State,34,"New Jersey",MC,700789,13861547,5.06,"",0.42,52477,7.49,"",-0.28
2014,State,35,"New Mexico",All,365313,4676329,7.81,"",0.12,21360,5.85,"",-1.52
2014,State,35,"New Mexico",FFS,11957,125780,9.51,"",1.25,259,2.17,"",-2.37
2014,State,35,"New Mexico",MC,353356,4550549,7.77,"",0.12,21101,5.97,"",-1.6
2014,State,36,"New York",All,1963635,60487679,3.25,"",-0.35,179330,9.13,"",0.42
2014,State,36,"New York",FFS,152408,7488751,2.04,"",-0.31,22837,14.98,"",0.26
2014,State,36,"New York",MC,1811227,52998928,3.42,"",-0.37,156493,8.64,"",0.49
2014,State,37,"North Carolina",All,1192423,16278923,7.33,"",-0.52,109482,9.18,"",0.09
2014,State,37,"North Carolina",FFS,1192423,16278923,7.33,"",-0.52,109482,9.18,"",0.09
2014,State,37,"North Carolina",MC,0,0,"","","",0,"","",""
2014,State,38,"North Dakota",All,56037,767635,7.3,"",0.52,4308,7.69,"",-1.01
2014,State,38,"North Dakota",FFS,37136,577825,6.43,"",-0.35,3002,8.08,"",-0.62
2014,State,38,"North Dakota",MC,18901,189810,9.96,"","",1306,6.91,"",""
2014,State,39,Ohio,All,2057249,28841569,7.13,"",-0.47,108863,5.29,"",-0.95
2014,State,39,Ohio,FFS,254076,4492865,5.66,"",-0.18,23011,9.06,"",-0.98
2014,State,39,Ohio,MC,1803173,24348704,7.41,"",-0.82,85852,4.76,"",-0.53
2014,State,40,Oklahoma,All,507923,6099440,8.33,"",-0.51,35812,7.05,"",0.75
2014,State,40,Oklahoma,FFS,507923,6099440,8.33,"",-0.51,35812,7.05,"",0.75
2014,State,40,Oklahoma,MC,0,0,"","","",0,"","",""
2014,State,41,Oregon,All,768391,8128914,9.45,"",-0.34,60957,7.93,"",-2.13
2014,State,41,Oregon,FFS,66456,2061955,3.22,"",0.27,4933,7.42,"",-5.64
2014,State,41,Oregon,MC,701935,6066959,11.57,"",-0.56,56024,7.98,"",-1.83
2014,State,42,Pennsylvania,All,1522237,23879753,6.37,"",-0.32,136730,8.98,"",-0.04
2014,State,42,Pennsylvania,FFS,51833,1303569,3.98,"",-1.18,8342,16.09,"",1.81
2014,State,42,Pennsylvania,MC,1470404,22576184,6.51,"",-0.34,128388,8.73,"",0.13
2014,State,44,"Rhode Island",All,157408,2796857,5.63,"",0.34,9536,6.06,"",-1.65
2014,State,44,"Rhode Island",FFS,12264,283084,4.33,"",0.78,1236,10.08,"",-3.01
2014,State,44,"Rhode Island",MC,145144,2513773,5.77,"",0.08,8300,5.72,"",-1.2
2014,State,45,"South Carolina",All,480977,6764955,7.11,"",0.24,28270,5.88,"",-0.15
2014,State,45,"South Carolina",FFS,56769,1194719,4.75,"",-1.46,3987,7.02,"",-0.14
2014,State,45,"South Carolina",MC,424208,5570236,7.62,"",0.27,24283,5.72,"",0.38
2014,State,46,"South Dakota",All,49072,730128,6.72,"",-0.6,3868,7.88,"",-0.34
2014,State,46,"South Dakota",FFS,49072,730128,6.72,"",-0.6,3868,7.88,"",-0.34
2014,State,46,"South Dakota",MC,0,0,"","","",0,"","",""
2014,State,47,Tennessee,All,1017833,13310032,7.65,"",-1.53,80146,7.87,"",-0.28
2014,State,47,Tennessee,FFS,1017833,12854122,7.92,"",-1.7,80146,7.87,"",-0.28
2014,State,47,Tennessee,MC,0,455910,0,"",0,0,"","",""
2014,State,48,Texas,All,1458071,32359000,4.51,"",-0.49,62522,4.29,"",0.19
2014,State,48,Texas,FFS,142303,5593885,2.54,"",-0.2,7593,5.34,"",0.19
2014,State,48,Texas,MC,1315768,26765115,4.92,"",-0.58,54929,4.17,"",0.18
2014,State,49,Utah,All,233869,2898591,8.07,"",0.12,23269,9.95,"",1.01
2014,State,49,Utah,FFS,82614,1360977,6.07,"",-0.2,8244,9.98,"",0.38
2014,State,49,Utah,MC,151255,1537614,9.84,"",0.55,15025,9.93,"",1.34
2014,State,50,Vermont,All,113791,1397457,8.14,"",-0.71,16103,14.15,"",0.14
2014,State,50,Vermont,FFS,113791,1397457,8.14,"",-0.71,16103,14.15,"",0.14
2014,State,50,Vermont,MC,0,0,"","","",0,"","",""
2014,State,51,Virginia,All,653900,10321510,6.34,"",-0.61,49157,7.52,"",0.43
2014,State,51,Virginia,FFS,83484,2118847,3.94,"",-0.89,8316,9.96,"",-0.35
2014,State,51,Virginia,MC,570416,8202663,6.95,"",-0.63,40841,7.16,"",0.67
2014,State,53,Washington,All,1091405,12121714,9,"",0.18,99978,9.16,"",-1.99
2014,State,53,Washington,FFS,189586,1784644,10.62,"",2.76,15765,8.32,"",-4.11
2014,State,53,Washington,MC,901819,10337070,8.72,"",-0.59,84213,9.34,"",-1.25
2014,State,54,"West Virginia",All,589350,8538277,6.9,"",-0.02,25035,4.25,"",-1.29
2014,State,54,"West Virginia",FFS,479740,6668884,7.19,"",0.21,22396,4.67,"",-1.53
2014,State,54,"West Virginia",MC,109610,1869393,5.86,"",-0.81,2639,2.41,"",-0.1
2014,State,55,Wisconsin,All,944851,10664886,8.86,"",0.01,133749,14.16,"",0.77
2014,State,55,Wisconsin,FFS,939367,10594281,8.87,"",0.02,132381,14.09,"",0.72
2014,State,55,Wisconsin,MC,5484,70605,7.77,"",-0.61,1368,24.95,"",6.48
2014,State,56,Wyoming,All,41162,528045,7.8,"",0.02,4193,10.19,"",-0.08
2014,State,56,Wyoming,FFS,41162,528045,7.8,"",0.02,4193,10.19,"",-0.08
2014,State,56,Wyoming,MC,0,0,"","","",0,"","",""
2013,National,"",National,All,33471552,506882862,6.6,"","",2605496,7.78,"",""
2013,National,"",National,FFS,15528221,240661427,6.45,"","",1363671,8.78,"",""
2013,National,"",National,MC,17943331,266221435,6.74,"","",1241825,6.92,"",""
2013,State,01,Alabama,All,510321,8446768,6.04,"","",22101,4.33,"",""
2013,State,01,Alabama,FFS,510321,8446768,6.04,"","",22101,4.33,"",""
2013,State,01,Alabama,MC,0,0,"","","",0,"","",""
2013,State,02,Alaska,All,73147,954919,7.66,"","",8870,12.13,"",""
2013,State,02,Alaska,FFS,73147,954919,7.66,"","",8870,12.13,"",""
2013,State,02,Alaska,MC,0,0,"","","",0,"","",""
2013,State,04,Arizona,All,1125751,12415553,9.07,"","",122364,10.87,"",""
2013,State,04,Arizona,FFS,9664,65282,14.8,"","",920,9.52,"",""
2013,State,04,Arizona,MC,1116087,12350271,9.04,"","",121444,10.88,"",""
2013,State,05,Arkansas,All,294605,4452007,6.62,"","",12922,4.39,"",""
2013,State,05,Arkansas,FFS,294605,4452007,6.62,"","",12922,4.39,"",""
2013,State,05,Arkansas,MC,0,0,"","","",0,"","",""
2013,State,06,California,All,2994374,48449433,6.18,"","",226301,7.56,"",""
2013,State,06,California,FFS,1103744,20533021,5.38,"","",115990,10.51,"",""
2013,State,06,California,MC,1890630,27916412,6.77,"","",110311,5.83,"",""
2013,State,08,Colorado,All,519796,4700499,11.06,"","",49532,9.53,"",""
2013,State,08,Colorado,FFS,519796,4700499,11.06,"","",49532,9.53,"",""
2013,State,08,Colorado,MC,0,0,"","","",0,"","",""
2013,State,09,Connecticut,All,532452,7584452,7.02,"","",48425,9.09,"",""
2013,State,09,Connecticut,FFS,532452,7584452,7.02,"","",48425,9.09,"",""
2013,State,09,Connecticut,MC,0,0,"","","",0,"","",""
2013,State,10,Delaware,All,185965,2262569,8.22,"","",31501,16.94,"",""
2013,State,10,Delaware,FFS,185965,2124597,8.75,"","",31501,16.94,"",""
2013,State,10,Delaware,MC,0,137972,0,"","",0,"","",""
2013,State,11,"District of Columbia",All,112974,2120973,5.33,"","",5764,5.1,"",""
2013,State,11,"District of Columbia",FFS,49972,900873,5.55,"","",4288,8.58,"",""
2013,State,11,"District of Columbia",MC,63002,1220100,5.16,"","",1476,2.34,"",""
2013,State,12,Florida,All,1477965,26243364,5.63,"","",119466,8.08,"",""
2013,State,12,Florida,FFS,800123,15694110,5.1,"","",60775,7.6,"",""
2013,State,12,Florida,MC,677842,10549254,6.43,"","",58691,8.66,"",""
2013,State,13,Georgia,All,1083656,15734473,6.89,"","",51827,4.78,"",""
2013,State,13,Georgia,FFS,604874,7766135,7.79,"","",43102,7.13,"",""
2013,State,13,Georgia,MC,478782,7968338,6.01,"","",8725,1.82,"",""
2013,State,15,Hawaii,All,166393,2085367,7.98,"","",17698,10.64,"",""
2013,State,15,Hawaii,FFS,1901,7857,24.2,"","",11,0.58,"",""
2013,State,15,Hawaii,MC,164492,2077510,7.92,"","",17687,10.75,"",""
2013,State,16,Idaho,All,175132,2115050,8.28,"","",16043,9.16,"",""
2013,State,16,Idaho,FFS,175132,2115050,8.28,"","",16043,9.16,"",""
2013,State,16,Idaho,MC,0,0,"","","",0,"","",""
2013,State,17,Illinois,All,949106,16695076,5.68,"","",39487,4.16,"",""
2013,State,17,Illinois,FFS,857091,14805047,5.79,"","",32495,3.79,"",""
2013,State,17,Illinois,MC,92015,1890029,4.87,"","",6992,7.6,"",""
2013,State,18,Indiana,All,971079,11136888,8.72,"","",83140,8.56,"",""
2013,State,18,Indiana,FFS,"",10909453,"","","","","","",""
2013,State,18,Indiana,MC,"",227435,"","","","","","",""
2013,State,19,Iowa,All,248968,4126178,6.03,"","",16960,6.81,"",""
2013,State,19,Iowa,FFS,"",4109764,"","","","","","",""
2013,State,19,Iowa,MC,"",16414,"","","","","","",""
2013,State,20,Kansas,All,79649,1090611,7.3,"","",6747,8.47,"",""
2013,State,20,Kansas,FFS,3909,77855,5.02,"","",534,13.66,"",""
2013,State,20,Kansas,MC,75740,1012756,7.48,"","",6213,8.2,"",""
2013,State,21,Kentucky,All,262896,4978458,5.28,"","",12198,4.64,"",""
2013,State,21,Kentucky,FFS,27622,892594,3.09,"","",3201,11.59,"",""
2013,State,21,Kentucky,MC,235274,4085864,5.76,"","",8997,3.82,"",""
2013,State,22,Louisiana,All,715502,10841388,6.6,"","",23057,3.22,"",""
2013,State,22,Louisiana,FFS,321257,5890971,5.45,"","",11147,3.47,"",""
2013,State,22,Louisiana,MC,394245,4950417,7.96,"","",11910,3.02,"",""
2013,State,23,Maine,All,211940,3081312,6.88,"","",21025,9.92,"",""
2013,State,23,Maine,FFS,211940,3081312,6.88,"","",21025,9.92,"",""
2013,State,23,Maine,MC,0,0,"","","",0,"","",""
2013,State,24,Maryland,All,762388,10413094,7.32,"","",72846,9.56,"",""
2013,State,24,Maryland,FFS,56223,3398400,1.65,"","",8193,14.57,"",""
2013,State,24,Maryland,MC,706165,7014694,10.07,"","",64653,9.16,"",""
2013,State,25,Massachusetts,All,761512,12715214,5.99,"","",74258,9.75,"",""
2013,State,25,Massachusetts,FFS,331054,6490356,5.1,"","",36388,10.99,"",""
2013,State,25,Massachusetts,MC,430458,6224858,6.92,"","",37870,8.8,"",""
2013,State,26,Michigan,All,1637722,18823723,8.7,"","",99426,6.07,"",""
2013,State,26,Michigan,FFS,232967,7025166,3.32,"","",19118,8.21,"",""
2013,State,26,Michigan,MC,1404755,11798557,11.91,"","",80308,5.72,"",""
2013,State,27,Minnesota,All,698535,10110092,6.91,"","",54606,7.82,"",""
2013,State,27,Minnesota,FFS,162651,2725448,5.97,"","",15440,9.49,"",""
2013,State,27,Minnesota,MC,535884,7384644,7.26,"","",39166,7.31,"",""
2013,State,28,Mississippi,All,397168,5285453,7.51,"","",13303,3.35,"",""
2013,State,28,Mississippi,FFS,111645,2605279,4.29,"","",3660,3.28,"",""
2013,State,28,Mississippi,MC,285523,2680174,10.65,"","",9643,3.38,"",""
2013,State,29,Missouri,All,783788,11407862,6.87,"","",66028,8.42,"",""
2013,State,29,Missouri,FFS,783788,11407862,6.87,"","",66028,8.42,"",""
2013,State,29,Missouri,MC,0,0,"","","",0,"","",""
2013,State,30,Montana,All,87773,1041207,8.43,"","",10713,12.21,"",""
2013,State,30,Montana,FFS,87773,1041207,8.43,"","",10713,12.21,"",""
2013,State,30,Montana,MC,0,0,"","","",0,"","",""
2013,State,31,Nebraska,All,147751,2302434,6.42,"","",13755,9.31,"",""
2013,State,31,Nebraska,FFS,140621,2145387,6.55,"","",13600,9.67,"",""
2013,State,31,Nebraska,MC,7130,157047,4.54,"","",155,2.17,"",""
2013,State,32,Nevada,All,279872,2988442,9.37,"","",30238,10.8,"",""
2013,State,32,Nevada,FFS,188077,2059601,9.13,"","",25335,13.47,"",""
2013,State,32,Nevada,MC,91795,928841,9.88,"","",4903,5.34,"",""
2013,State,33,"New Hampshire",All,96078,1444215,6.65,"","",12906,13.43,"",""
2013,State,33,"New Hampshire",FFS,90016,1349011,6.67,"","",11880,13.2,"",""
2013,State,33,"New Hampshire",MC,6062,95204,6.37,"","",1026,16.93,"",""
2013,State,34,"New Jersey",All,563939,11905806,4.74,"","",54453,9.66,"",""
2013,State,34,"New Jersey",FFS,88512,1651744,5.36,"","",17505,19.78,"",""
2013,State,34,"New Jersey",MC,475427,10254062,4.64,"","",36948,7.77,"",""
2013,State,35,"New Mexico",All,283376,3684909,7.69,"","",20895,7.37,"",""
2013,State,35,"New Mexico",FFS,18027,218344,8.26,"","",819,4.54,"",""
2013,State,35,"New Mexico",MC,265349,3466565,7.65,"","",20076,7.57,"",""
2013,State,36,"New York",All,2051306,56986922,3.6,"","",178727,8.71,"",""
2013,State,36,"New York",FFS,176448,7507030,2.35,"","",25980,14.72,"",""
2013,State,36,"New York",MC,1874858,49479892,3.79,"","",152747,8.15,"",""
2013,State,37,"North Carolina",All,1217388,15508160,7.85,"","",110673,9.09,"",""
2013,State,37,"North Carolina",FFS,1217388,15508160,7.85,"","",110673,9.09,"",""
2013,State,37,"North Carolina",MC,0,0,"","","",0,"","",""
2013,State,38,"North Dakota",All,39906,588978,6.78,"","",3472,8.7,"",""
2013,State,38,"North Dakota",FFS,39906,588978,6.78,"","",3472,8.7,"",""
2013,State,38,"North Dakota",MC,0,0,"","","",0,"","",""
2013,State,39,Ohio,All,2073605,27267303,7.6,"","",129494,6.24,"",""
2013,State,39,Ohio,FFS,415605,7115478,5.84,"","",41728,10.04,"",""
2013,State,39,Ohio,MC,1658000,20151825,8.23,"","",87766,5.29,"",""
2013,State,40,Oklahoma,All,537393,6076809,8.84,"","",33830,6.3,"",""
2013,State,40,Oklahoma,FFS,537393,6076809,8.84,"","",33830,6.3,"",""
2013,State,40,Oklahoma,MC,0,0,"","","",0,"","",""
2013,State,41,Oregon,All,573480,5857569,9.79,"","",57673,10.06,"",""
2013,State,41,Oregon,FFS,43990,1492760,2.95,"","",5743,13.06,"",""
2013,State,41,Oregon,MC,529490,4364809,12.13,"","",51930,9.81,"",""
2013,State,42,Pennsylvania,All,1554911,23257055,6.69,"","",140251,9.02,"",""
2013,State,42,Pennsylvania,FFS,114959,2228509,5.16,"","",16417,14.28,"",""
2013,State,42,Pennsylvania,MC,1439952,21028546,6.85,"","",123834,8.6,"",""
2013,State,44,"Rhode Island",All,108851,2058356,5.29,"","",8387,7.71,"",""
2013,State,44,"Rhode Island",FFS,13861,390197,3.55,"","",1815,13.09,"",""
2013,State,44,"Rhode Island",MC,94990,1668159,5.69,"","",6572,6.92,"",""
2013,State,45,"South Carolina",All,475383,6918637,6.87,"","",28666,6.03,"",""
2013,State,45,"South Carolina",FFS,179973,2897842,6.21,"","",12884,7.16,"",""
2013,State,45,"South Carolina",MC,295410,4020795,7.35,"","",15782,5.34,"",""
2013,State,46,"South Dakota",All,50847,694748,7.32,"","",4180,8.22,"",""
2013,State,46,"South Dakota",FFS,50847,694748,7.32,"","",4180,8.22,"",""
2013,State,46,"South Dakota",MC,0,0,"","","",0,"","",""
2013,State,47,Tennessee,All,1021566,11126563,9.18,"","",83242,8.15,"",""
2013,State,47,Tennessee,FFS,1021566,10620545,9.62,"","",83242,8.15,"",""
2013,State,47,Tennessee,MC,0,506018,0,"","",0,"","",""
2013,State,48,Texas,All,1531487,30610606,5,"","",62835,4.1,"",""
2013,State,48,Texas,FFS,150846,5502979,2.74,"","",7772,5.15,"",""
2013,State,48,Texas,MC,1380641,25107627,5.5,"","",55063,3.99,"",""
2013,State,49,Utah,All,233588,2937252,7.95,"","",20885,8.94,"",""
2013,State,49,Utah,FFS,81512,1301043,6.27,"","",7827,9.6,"",""
2013,State,49,Utah,MC,152076,1636209,9.29,"","",13058,8.59,"",""
2013,State,50,Vermont,All,118134,1335242,8.85,"","",16549,14.01,"",""
2013,State,50,Vermont,FFS,118134,1335242,8.85,"","",16549,14.01,"",""
2013,State,50,Vermont,MC,0,0,"","","",0,"","",""
2013,State,51,Virginia,All,730742,10508281,6.95,"","",51828,7.09,"",""
2013,State,51,Virginia,FFS,115686,2396396,4.83,"","",11931,10.31,"",""
2013,State,51,Virginia,MC,615056,8111885,7.58,"","",39897,6.49,"",""
2013,State,53,Washington,All,620072,7032472,8.82,"","",69150,11.15,"",""
2013,State,53,Washington,FFS,188293,2395203,7.86,"","",23405,12.43,"",""
2013,State,53,Washington,MC,431779,4637269,9.31,"","",45745,10.59,"",""
2013,State,54,"West Virginia",All,401118,5794848,6.92,"","",22227,5.54,"",""
2013,State,54,"West Virginia",FFS,329579,4721906,6.98,"","",20429,6.2,"",""
2013,State,54,"West Virginia",MC,71539,1072942,6.67,"","",1798,2.51,"",""
2013,State,55,Wisconsin,All,899000,10155576,8.85,"","",120342,13.39,"",""
2013,State,55,Wisconsin,FFS,896650,10127535,8.85,"","",119908,13.37,"",""
2013,State,55,Wisconsin,MC,2350,28041,8.38,"","",434,18.47,"",""
2013,State,56,Wyoming,All,41202,529696,7.78,"","",4230,10.27,"",""
2013,State,56,Wyoming,FFS,41202,529696,7.78,"","",4230,10.27,"",""
2013,State,56,Wyoming,MC,0,0,"","","",0,"","",""
